id,site,job_url,job_url_direct,title,company,location,date_posted,job_type,salary_source,interval,min_amount,max_amount,currency,is_remote,job_level,job_function,listing_type,emails,description,company_industry,company_url,company_logo,company_url_direct,company_addresses,company_num_employees,company_revenue,company_description,skills,experience_range,company_rating,company_reviews_count,vacancy_count,work_from_home_type,_src
in-787198e94dc6b877,indeed,https://www.indeed.com/viewjob?jk=787198e94dc6b877,https://careers.cisco.com/global/en/job/2021241,Information Security Engineer Remote,Cisco,"Dallas, TX, US",2026-09-28,fulltime,direct_data,yearly,130200.0,213300.0,USD,True,,,,,"**The application window is expected to close on:** 10/02/2026US Remote role
  
  

Meet the Team
  
  

In today’s constantly evolving digital landscape, security is a shared responsibility. At Cisco, theSecurity and Trust Organization (STO) is central to building a secure infrastructure and fostering customer trust. As a key enabler of Cisco’s mission to be the\#1 Trusted Business Partner, STO leads the innovation, training, and implementation of security and trust capabilities across all Cisco products. Reporting to Cisco’s Chief Security and Trust Officer, STO is foundational in embedding security into every aspect of Cisco’s operations.
  
  

TheCloud Assurance, Readiness\& Compliance (CloudARC) team within STO is responsible for ensuring Cisco’s cloud offering portfolio demonstrates the highest levels of security assurance to our global customers while maintaining cybersecurity compliance and certifications required to access markets around the world. Our team plays a leading role in understanding customer needs for security, privacy, data protection, and customer data management. We inform, support, and collaborate with customers, Sales, Engineering, Supply Chain, Government Affairs and Legal; building industry leading trust and transparency through security and compliance.
  
  

Your Impact
  
  

TheInformation Security Engineer willplay a critical role in maintaining compliance certifications for Cisco Cloud offerings across the globe, and supporting compliance and regulatory frameworks such as SOC2, ISO27001/17/18, ENS, C5, etc. This role will be responsible for facilitating and implementing internal control assessments and external audits in collaboration with CloudARC leadership, Product Management, and Engineering.
  
  

The ideal candidate is enthused by the idea of compliance as a business enabler, has hands\-on experience with multiple compliance and regulatory frameworks (e.g. SOC2, ISO27001/17/18, ENS, C5, etc.), and has solid experience assessing complex product ecosystems against cloud control frameworks. This role is ideal for the strategic problem solver who is passionate about building scalable compliance capabilities, can clearly communicate technical requirements to partners across the business ecosystem, and is driven by the opportunity to be on the forefront of customer trust.
  
  

Key Responsibilities
  
  

* Support security compliance and regulatory audits in Cisco’s cloud compliance portfolio.
* Collaborate with a team of compliance engineers to develop and execute common control strategies, ensuring consistency across audits.
* Partner with Cisco Business Units (BUs) to support the adoption and compliance with Common Cloud Controls.
* Serve as a domain expert for relevant security compliance frameworks, providing guidance and expertise to product and engineering teams.
* Conduct information security assessments over a portfolio of products and prepare reports summarizing compliance results and remediation plans.
* Work with CloudARC leaders and Product Management to develop and maintain the Product Compliance roadmaps for Cisco Cloud offerings. Superb communication skills, with the ability to collaborate effectively across technical and non\-technical teams.


Minimum Qualifications
  
  

* 5\+ years of experience in a security or compliance role.
* Bachelor’s degree in Information Security, Computer Science, or a related field. Master’s degree preferred
* Hands\-on experience working with cloud platforms, particularly AWS or other major cloud environments.
* Deep expertise in regulatory compliance and security frameworks such as ISO 27001/17/18, SOC2, C5, ENS, and similar standards.
* Solid understanding of key IT security processes and services, including Secure SDLC, Identity and Access Management (IAM), Vulnerability Management, and Backup/Disaster Recovery.
* Experience partnering with auditors to drive attainment and maintenance of compliance certifications.


Preferred Qualifications
  
  

* Industry certifications such as CISA, CISSP, CCSK, or equivalent certifications.
* Master’s degree in Information Security, Computer Science, or related field.
* Excellent communication skills, with the ability to collaborate effectively across technical and non\-technical teams.
* Proven track record in supporting delivery of compliance reports and certifications.


S
  
  

Why Cisco?
  
  

At Cisco, we’re revolutionizing how data and infrastructure connect and protect organizations in the AI era – and beyond. We’ve been innovating fearlessly for 40 years to create solutions that power how humans and technology work together across the physical and digital worlds. These solutions provide customers with unparalleled security, visibility, and insights across the entire digital footprint.
  
Fueled by the depth and breadth of our technology, we experiment and create meaningful solutions. Add to that our worldwide network of doers and experts, and you’ll see that the opportunities to grow and build are limitless. We work as a team, collaborating with empathy to make really big things happen on a global scale. Because our solutions are everywhere, our impact is everywhere.
  
We are Cisco, and our power starts with you.
  
  

Message to applicants applying to work in the U.S. and/or Canada:
  
  

The starting salary range posted for this position is $111,800\.00 to $154,800\.00 and reflects the projected salary range for new hires in this position in U.S. and/or Canada locations, not including incentive compensation\*, equity, or benefits.
  
Individual pay is determined by the candidate's hiring location, market conditions, job\-related skillset, experience, qualifications, education, certifications, and/or training. The full salary range for certain locations is listed below. For locations not listed below, the recruiter can share more details about compensation for the role in your location during the hiring process.
  
  

U.S. employees are offered benefits, subject to Cisco’s plan eligibility rules, which include medical, dental and vision insurance, a 401(k) plan with a Cisco matching contribution, paid parental leave, short and long\-term disability coverage, and basic life insurance. Please see the Cisco careers site to discover more benefits and perks. Employees may be eligible to receive grants of Cisco restricted stock units, which vest following continued employment with Cisco for defined periods of time.
  
  

U.S. employees are eligible for paid time away as described below, subject to Cisco’s policies:
  
  

* 10 paid holidays per full calendar year, plus 1 floating holiday for non\-exempt employees
* 1 paid day off for employee’s birthday, paid year\-end holiday shutdown, and 4 paid days off for personal wellness determined by Cisco
* Non\-exempt employees\*\* receive 16 days of paid vacation time per full calendar year, accrued at rate of 4\.92 hours per pay period for full\-time employees
* Exempt employees participate in Cisco’s flexible vacation time off program, which has no defined limit on how much vacation time eligible employees may use (subject to availability and some business limitations)
* 80 hours of sick time off provided on hire date and each January 1st thereafter, and up to 80 hours of unused sick time carried forward from one calendar year to the next
* Additional paid time away may be requested to deal with critical or emergency issues for family members
* Optional 10 paid days per full calendar year to volunteer


For non\-sales roles, employees are also eligible to earn annual bonuses subject to Cisco’s policies.
  
  

Employees on sales plans earn performance\-based incentive pay on top of their base salary, which is split between quota and non\-quota components, subject to the applicable Cisco plan. For quota\-based incentive pay, Cisco typically pays as follows:
  
  

* .75% of incentive target for each 1% of revenue attainment up to 50% of quota;
* 1\.5% of incentive target for each 1% of attainment between 50% and 75%;
* 1% of incentive target for each 1% of attainment between 75% and 100%; and
* Once performance exceeds 100% attainment, incentive rates are at or above 1% for each 1% of attainment with no cap on incentive compensation.


For non\-quota\-based sales performance elements such as strategic sales objectives, Cisco may pay 0% up to 125% of target. Cisco sales plans do not have a minimum threshold of performance for sales incentive compensation to be paid.
  
  

The applicable full salary ranges for this position, by specific state, are listed below:
  
  

**New York City Metro Area:**  

$142,600\.00 \- $213,300\.00
  
  

**Non\-Metro New York state\& Washington state:**  

$130,200\.00 \- $189,600\.00
  
* For quota\-based sales roles on Cisco’s sales plan, the ranges provided in this posting include base pay and sales target incentive compensation combined.


\*\* Employees in Illinois, whether exempt or non\-exempt, will participate in a unique time off program to meet local requirements.",,https://www.indeed.com/cmp/Cisco,https://d2q79iu7y748jz.cloudfront.net/s/_squarelogo/256x256/6bbb92c37d8935479e9d5f18032b42ba,http://www.cisco.com,"San Jose, CA","10,000+",more than $10B (USD),Our Purpose at Cisco is to Power an Inclusive Future for All. We do that by revolutionizing how data and infrastructure securely connect and protect organizations in the AI era – and beyond. ,,,,,,,indeed
in-f3f71ac6e40902e4,indeed,https://www.indeed.com/viewjob?jk=f3f71ac6e40902e4,https://careers.cisco.com/global/en/job/2025481,Solutions Engineer - Federal - ThousandEyes (Remote),Cisco,"Washington, DC, US",2026-09-28,fulltime,direct_data,yearly,185300.0,281500.0,USD,True,,,,,"**The application window is expected to close on:** 10/23/2026
  
Meet the Team
  
  

Cisco ThousandEyes is a Digital Experience Assurance platform that empowers organizations to deliver flawless digital experiences across every network \- even the ones they don’t own. Powered by AI and an unmatched set of cloud, internet and enterprise network telemetry data, ThousandEyes enables IT teams to proactively detect, diagnose, and remediate issues \- before they impact end\- user experiences.
  
  

ThousandEyes is deeply integrated across the entire Cisco technology portfolio and beyond, helping customers deploy at scale while also delivering AI\-powered assurance insights within Cisco’s leading Networking, Security, Collaboration, and Observability portfolios.
  
  

Your Impact
  
  

We are looking for an exceptional Sales Engineer to join our team of super heroes supporting the Public Sector and Federal segment. You will have the opportunity to be the customer interface of an exciting new technology. You will work closely with the sales team presenting ThousandEyes in prospective business opportunities; be instrumental in working with prospects during trials of ThousandEyes to highlight business value; educate prospects, customers and the sales team on ThousandEyes and how it applies to industry trends and business initiatives; and accelerate ThousandEyes growth through expanding market awareness of ThousandEyes and closing business.
  
  

Support the technical sales process
  
  

* Assist sales in technical prospecting to help uncover opportunities
* Demonstrate solution to showcase capabilities and use\-cases
* Build and maintain a technical and trusted advisor relationship with customers
* Support customers during solution trials
* Scope and architect solution deployments
* Present to decision makers during trial wrap\-up meetings


Participate as a member of the Solutions Engineering teams
  
  

* Participate on weekly team meetings
* Participate in quarter business review sales meetings
* Present technical topics and successful wins
* Share technical challenges and ways to overcome
* Interact with team to ask questions, share experiences, and exchange ideas
* Help establish and enhance demonstration material showcasing the solution
* Research technical topics impacting the industry to grow as an industry leader


Interface with Marketing
  
  

* Support trade shows and networking events
* Support ThousandEyes Connect events
* Contribute to blog and social media posts
* Suggest and contribute to white\-papers and case\-studies


Interface with Product Management and Engineering
  
  

* Provide solution feedback from hands\-on use and customer interaction
* Provide solution suggestions and enhancements to drive solution strategy
* Participate, drive and provide feedback on internal and external solution beta programs


Interface with Customer Success
  
  

* Coordinate with Customer Success in providing post\-sales support (training, deployment, support, etc.)
* Encourage and guide customers to utilize Customer Success as an extension of their NOC to help ensure success


Minimum Qualifications
  
  

* 5\+ years of Solutions Engineering experience.
* Experience selling into US Federal customers.
* Experience working with application and network protocols, including HTTP, DNS, TCP/IP, and BGP.
* Experience designing, deploying, troubleshooting, or supporting application and network infrastructure.
* Experience working with unified communications technologies or solutions.


Preferred Qualifications
  
  

* Experience with application and network performance analysis solutions.
* Experience with packet analysis of network and application protocols.
* Experience using at least one scripting language, such as Python, Perl, or JavaScript.
* Experience troubleshooting and supporting Apple, Linux, and Microsoft operating systems.
* Experience delivering technical presentations and demonstrations to technical and business audiences.


Why Cisco?
  
  

At Cisco, we’re revolutionizing how data and infrastructure connect and protect organizations in the AI era – and beyond. We’ve been innovating fearlessly for 40 years to create solutions that power how humans and technology work together across the physical and digital worlds. These solutions provide customers with unparalleled security, visibility, and insights across the entire digital footprint.
  
Fueled by the depth and breadth of our technology, we experiment and create meaningful solutions. Add to that our worldwide network of doers and experts, and you’ll see that the opportunities to grow and build are limitless. We work as a team, collaborating with empathy to make really big things happen on a global scale. Because our solutions are everywhere, our impact is everywhere.
  
We are Cisco, and our power starts with you.
  
  

Message to applicants applying to work in the U.S. and/or Canada:
  
  

The starting salary range posted for this position is $185,300\.00 to $235,400\.00 and reflects the projected salary range for new hires in this position in U.S. and/or Canada locations, not including incentive compensation\*, equity, or benefits.
  
Individual pay is determined by the candidate's hiring location, market conditions, job\-related skillset, experience, qualifications, education, certifications, and/or training. The full salary range for certain locations is listed below. For locations not listed below, the recruiter can share more details about compensation for the role in your location during the hiring process.
  
  

U.S. employees are offered benefits, subject to Cisco’s plan eligibility rules, which include medical, dental and vision insurance, a 401(k) plan with a Cisco matching contribution, paid parental leave, short and long\-term disability coverage, and basic life insurance. Please see the Cisco careers site to discover more benefits and perks. Employees may be eligible to receive grants of Cisco restricted stock units, which vest following continued employment with Cisco for defined periods of time.
  
  

U.S. employees are eligible for paid time away as described below, subject to Cisco’s policies:
  
  

* 10 paid holidays per full calendar year, plus 1 floating holiday for non\-exempt employees
* 1 paid day off for employee’s birthday, paid year\-end holiday shutdown, and 4 paid days off for personal wellness determined by Cisco
* Non\-exempt employees\*\* receive 16 days of paid vacation time per full calendar year, accrued at rate of 4\.92 hours per pay period for full\-time employees
* Exempt employees participate in Cisco’s flexible vacation time off program, which has no defined limit on how much vacation time eligible employees may use (subject to availability and some business limitations)
* 80 hours of sick time off provided on hire date and each January 1st thereafter, and up to 80 hours of unused sick time carried forward from one calendar year to the next
* Additional paid time away may be requested to deal with critical or emergency issues for family members
* Optional 10 paid days per full calendar year to volunteer


For non\-sales roles, employees are also eligible to earn annual bonuses subject to Cisco’s policies.
  
  

Employees on sales plans earn performance\-based incentive pay on top of their base salary, which is split between quota and non\-quota components, subject to the applicable Cisco plan. For quota\-based incentive pay, Cisco typically pays as follows:
  
  

* .75% of incentive target for each 1% of revenue attainment up to 50% of quota;
* 1\.5% of incentive target for each 1% of attainment between 50% and 75%;
* 1% of incentive target for each 1% of attainment between 75% and 100%; and
* Once performance exceeds 100% attainment, incentive rates are at or above 1% for each 1% of attainment with no cap on incentive compensation.


For non\-quota\-based sales performance elements such as strategic sales objectives, Cisco may pay 0% up to 125% of target. Cisco sales plans do not have a minimum threshold of performance for sales incentive compensation to be paid.
  
  

The applicable full salary ranges for this position, by specific state, are listed below:
  
  

**New York City Metro Area:**  

$193,700\.00 \- $281,500\.00
  
  

**Non\-Metro New York state\& Washington state:**  

$185,300\.00 \- $270,700\.00
  
* For quota\-based sales roles on Cisco’s sales plan, the ranges provided in this posting include base pay and sales target incentive compensation combined.


\*\* Employees in Illinois, whether exempt or non\-exempt, will participate in a unique time off program to meet local requirements.",,https://www.indeed.com/cmp/Cisco,https://d2q79iu7y748jz.cloudfront.net/s/_squarelogo/256x256/6bbb92c37d8935479e9d5f18032b42ba,http://www.cisco.com,"San Jose, CA","10,000+",more than $10B (USD),Our Purpose at Cisco is to Power an Inclusive Future for All. We do that by revolutionizing how data and infrastructure securely connect and protect organizations in the AI era – and beyond. ,,,,,,,indeed
in-d9a5aae39901dec4,indeed,https://www.indeed.com/viewjob?jk=d9a5aae39901dec4,http://www.indeed.com/job/senior-technical-lead-it-systems-engineer-d9a5aae39901dec4,Senior Technical Lead - IT Systems Engineer,"Optimized Computer Solutions, Inc","Cape Coral, FL, US",2026-09-28,fulltime,,yearly,,,USD,True,,,,,"About OCS IT  
OCS IT is an award\-winning managed IT and cybersecurity provider based in Cape Coral, Florida. Most of our clients are medical practices, and we manage the systems they rely on every day: networks, phone systems, Microsoft 365, security and HIPAA compliance. We've been doing this for 18 years.

About the role  
The Senior Technical Lead is our most senior engineer and the escalation point for the service desk. Our clients run a mix of legacy on\-prem Active Directory and Microsoft 365, so you need to be comfortable in both. Strong networking, firewall and VoIP skills are required.

Responsibilities

* Administer and troubleshoot on\-prem Active Directory, Group Policy, DNS and DHCP, including older server versions
* Plan and run domain controller upgrades, file server migrations, and cleanup of inherited environments
* Administer Exchange Online, Entra ID, Intune, SharePoint and OneDrive; configure MFA and Conditional Access; manage hybrid identity with Entra Connect
* Deploy and manage firewalls, HA pairs and site\-to\-site IPsec VPN tunnels, including tunnels between different vendors
* Design and troubleshoot VLANs, routing, QoS and wireless networks
* Support FreePBX, Sangoma and Switchvox phone systems and SIP trunks using call logs and Wireshark
* Respond to security incidents, manage EDR and email security tools, and run vulnerability scans and remediate findings
* Build and maintain Hyper\-V hosts, failover clusters and virtual machines, including physical\-to\-virtual migrations
* Perform basic SQL Server management and backups for EHR and practice management databases
* Manage backups and test restores regularly
* Automate routine work with PowerShell and use AI tools for troubleshooting, scripting and documentation
* Lead client projects including scoping, scheduling and cutover
* Mentor Tier 1 and Tier 2 technicians and write team documentation
* Own escalations with carriers, software vendors and hardware manufacturers

Required

* 7\+ years of hands\-on IT experience, including 2\+ years in a senior, lead or mentoring role
* Strong on\-prem Active Directory and Group Policy experience
* Strong Microsoft 365 and Entra ID administration
* Solid networking skills, including VLANs, routing and wireless
* Hands\-on firewall and IPsec VPN experience
* VoIP and SIP troubleshooting experience
* Hands\-on Hyper\-V experience, including host builds, failover clustering and VM migrations
* Working knowledge of cybersecurity tools and incident response
* Experience using AI tools in daily IT work
* Valid driver's license and reliable transportation

Preferred

* Healthcare IT experience (EHR, practice management, HL7 interfaces, clinical devices), strongly preferred
* MSP experience
* Linux experience
* FortiGate experience

Work environment  
Fully on\-site at our Cape Coral office with travel to client sites. No remote or hybrid option. You'll take part in the after\-hours on\-call rotation and sometimes work evenings or weekends for migrations.

Compensation and benefits  
Salary starts at $90,000, based on experience. Paid time off, matching 401(k), health insurance reimbursement, and support for professional development and certifications.

Pay: From $90,000\.00 per year

Benefits:

* 401(k) matching
* Paid time off

Work Location: In person",,"https://www.indeed.com/cmp/Optimized-Computer-Solutions,-Inc",,https://ocsit.com,,2 to 10,less than $1M (USD),Award-winning Managed Services IT Consulting firm dedicated to making complicated technology work efficiently and effectively and providing a stellar customer service experience,,,,,,,indeed
in-12e37dfb0924d3e5,indeed,https://www.indeed.com/viewjob?jk=12e37dfb0924d3e5,https://abb.wd3.myworkdayjobs.com/External_Career_Page/job/USA-OR-Clackamas/Computer-Applications-Engineer_JR00043436,Computer Applications Engineer,ABB,"Clackamas, OR, US",2026-09-27,fulltime,,,,,,True,,,,-AskHR@abb.com,"At ABB, we help industries outrun \- leaner and cleaner. Here, progress is an expectation \- for you, your team, and the world. As a global market leader, we’ll give you what you need to make it happen. It won’t always be easy, growing takes grit. But at ABB, you’ll never run alone. Run what runs the world.


This role sits within ABB's Robotics business, a leading global robotics company. We're entering an exciting new chapter as we’ve announced the plan for SoftBank Group to acquire ABB Robotics. SoftBank is a globally recognized technology group and investor/operator focused on AI, robotics, and next\-generation computing. By joining us now, you’ll be part of a pioneering team shaping the future of robotics—working alongside world\-class experts in a fast\-moving, innovation\-driven environment.


This Position reports to:


Application Engineering Manager \- Industries Robotics  

The **Computer Application Engineer** will partner with our sales teams in the West (Regions: Northern California, Pacific Northwest and South California) you will work on supporting our advanced interfaces for machine centric robotic applications, and work on proof\-of\-concepts, cycle time evaluations, reach studies, and configure robotic solutions for PC centric robotic applications.

 **This role will be remote and have up to 35% of travel in the region listed. Ideal candidate would be based in Northern California/Seattle or Oregon market near a major metro airport.**

 **Core Responsibilities**

* Work with sales to review customer requirements, propose and design robotic solutions.
* Showcase proof of concept and other demonstrations and presentations to customers.
* Develop server applications that drive the robots, AI modeling, and strong understanding of automation engineering and mechatronics.
* Ensure all solutions comply with customer specs and any code requirements.
* Collaborate with customers, internal teams and potentially third party to address any issues, handle any changes in proposal or other documentation and alignment on requirements.

 **Requirements**

  

* Bachelor’s in engineering or computer science with 5\+ years in developing client/server applications.
* Must be competent on Java script, REST, Linux, and Python.
* Must be competent on AI modeling (data sets, labeling, training)
* Comfortable presenting and interacting with all levels of customers as well as peer teams (sales, project management, etc.)
* Mechatronic engineering knowledge is desirable
* Automation engineering knowledge is desirable.

Travel: 35% travel is required for this position.  
* 

  

  

**What's in it for you**

  

We empower you to take the lead, share bold ideas, and shape real outcomes. You’ll grow through hands\-on experience, mentorship, and learning that fits your goals. Here, your work doesn’t just matter, it moves things forward

  

ABB is an Equal Employment Opportunity and Affirmative Action employer for protected Veterans and Individuals with Disabilities at ABB.

  

All qualified applicants will receive consideration for employment without regard to their\- sex (gender identity, gender expression, sexual orientation), marital status, citizenship, age, race and ethnicity, inclusive of traits historically associated with race or ethnicity, including but not limited to hair texture and protective hairstyles, color, religious creed, national origin, pregnancy, physical or mental disability, genetic information, protected Veteran status, or any other characteristic protected by federal and state law.

  

For more information regarding your (EEO) rights as an applicant, please visit the following websites: https://www.eeoc.gov/sites/default/files/2023\-06/22\-088\_EEOC\_KnowYourRights6\.12ScreenRdr.pdf

  

As an Equal Employment Opportunity and Affirmative Action Employer for Protected Veterans and Individuals with Disabilities, applicants may request to review the plan of a particular ABB facility between the hours of 9:00 A.M. \- 5:00 P.M. EST Monday through Friday by contacting an ABB HR Representative at 1\-888\-694\-7762\.  



  

Protected Veterans and Individuals with Disabilities may request a reasonable accommodation if you are unable or limited in your ability to use or access ABB's career site as a result of your disability. You may request reasonable accommodations by calling an ABB HR Representative at 1\-888\-694\-7762 or by sending an email to US\-AskHR@abb.com. Resumes and applications will not be accepted in this manner.  



  

**ABB Benefit Summary for eligible US employees**


\[excludes ABB E\-mobility, Athens union, Puerto Rico]


Go to MyBenefitsABB.com and click on “Candidate/Guest” to learn more

 **Health, Life \& Disability**

* Choice between two medical plan options: A PPO plan called the Copay Plan OR a High Deductible Health Plan (with a Health Savings Account) called the High Deductible Plan.
* Choice between two dental plan options: Core and Core Plus
* Vision benefit
* Company paid life insurance (2X base pay)
* Company paid AD\&D (1X base pay)
* Voluntary life and AD\&D – 100% employee paid up to maximums
* Short Term Disability – up to 26 weeks – Company paid
* Long Term Disability – 60% of pay – Company paid. Ability to “buy\-up” to 66 2/3% of pay.
* Supplemental benefits – 100% employee paid (Accident insurance, hospital indemnity, critical illness, pet insurance
* Parental Leave – up to 6 weeks
* Employee Assistance Program
* Health Advocate support resources for mental/behavioral health, general health navigation and virtual health, and infertility/adoption
* Employee discount program

 **Retirement**

* 401k Savings Plan with Company Contributions
* Employee Stock Acquisition Plan (ESAP)

 **Time off**


ABB provides 11 paid holidays. Vacation is provided based on years of service for hourly and non\-exempt positions. Salaried exempt positions are provided vacation under a permissive time away policy.

  

We value people from different backgrounds. Could this be your story? Apply today or visit www.abb.com to read more about us and learn about the impact of our solutions across the globe.",,https://www.indeed.com/cmp/Abb,https://d2q79iu7y748jz.cloudfront.net/s/_squarelogo/256x256/6998783079e0a69c900c56473963cc0c,http://www.global.abb/group/en,Zürich,"10,000+",more than $10B (USD),,,,,,,,indeed
in-b1d6efcc9906334d,indeed,https://www.indeed.com/viewjob?jk=b1d6efcc9906334d,https://jobs.ashbyhq.com/nousresearch/076245ac-6260-49e0-bc20-fac31b3469a0?utm_source=d04gyx8ZoN,"Product Manager, Hermes Business",,US,2026-09-27,fulltime,,,,,,True,,,,recruiting@nousresearch.com,"Hermes Agent is an open, self\-improving agent used by a fast\-growing global community. Companies now want to give Hermes to their whole workforce, deployed on infrastructure they control, with the models they choose and the knowledge their people create staying with them. Hermes Enterprise is how we get there: managed Hermes Business for teams that want to start quickly, and customer\-controlled Hermes Enterprise that runs in a company's own cloud or on premises.


You will own what enterprise customers get, in what order and whether it works for them. The first enterprise rollouts are happening now, so you will shape the product while it meets its first customers. Like every role here, this one is a mission, not a narrow lane.

**Responsibilities**
--------------------

* Own the Hermes Enterprise roadmap and packaging across managed Hermes Business and customer\-controlled Hermes Enterprise, with a clear line between what is available today, what is in development and what is planned.
* Define and ship the enterprise foundations: repeatable fleet deployment, SSO and directory provisioning, workspace isolation, audit, administration and telemetry.
* Own Hermes Enterprise Workforce, the administration experience for provisioning employees and their agents, managing permissions and seeing health and usage across the fleet.
* Turn Spend Intelligence from visibility into decisions: help customers see which workloads consume budget, which models perform them and where a lower\-cost model delivers the same quality.
* Turn Collective Wisdom into a shipped, governed product. Help each employee's agent capture useful methods as skills and, with permission, share them across the company, so a new hire can benefit from the best subject matter expert on day one.
* Shape how companies retain and use their own traces, from measuring which work matters most to laying the groundwork for company\-specific models over time.
* Define how employees reach their agents across the CLI, desktop and messaging surfaces, with Slack and Microsoft Teams as the first enterprise work surfaces.
* Run design partner deployments with customers and our forward deployed engineers. Turn what you learn into clear specs, tickets and acceptance criteria that engineering can ship.
* Write the deployment playbook: what a customer agrees to at kickoff, how the first employee group is onboarded, and what it means for a deployment to be live and healthy.
* Work with cloud and marketplace partners on how Hermes Enterprise is packaged, procured and deployed on their platforms.
* Define the metrics that show enterprise value, including activation, active agents, skills reused and cost per completed task, and use them to set priorities.
* Run the roadmap in Jira with clear owners, due dates and status, and distill it into simple recaps for executives: what shipped, what is next, what is at risk and which decisions are needed.
* Collaborate closely with Engineering, Research, Design, Security, Business Development and the open source community to keep the enterprise product aligned with Hermes Agent.

**Qualifications**
------------------

* 5\+ years of product management experience, including shipping B2B products to large enterprise customers.
* Hands\-on experience owning enterprise foundations such as SSO, SCIM, role\-based access, audit logs, admin consoles or usage analytics.
* Experience with products deployed in customer clouds, on premises or as single\-tenant SaaS, and an understanding of the operational responsibilities that come with them.
* Strong technical fluency with LLMs and AI agents. You use them daily, can read code and can reason about models, tools, evaluations and cost.
* A track record of working directly with customers and turning ambiguous requirements into clear, prioritized plans.
* Excellent written communication. You can write a spec engineers trust and a customer update executives understand.
* Fluency with Jira or similar tracking tools, and comfort distilling a complex roadmap into a simple executive recap.
* Comfort operating with little structure on a small, fast\-moving team, and a bias toward shipping.

**Preferred**
-------------

* Former software engineer, or a software engineering background.
* Experience at an open source or developer infrastructure company that sells both a managed cloud and a self\-hosted product.
* Experience with identity providers and directories such as Microsoft Entra ID, Okta or Google Workspace.
* Experience launching or operating offers through cloud marketplaces such as Azure, Google Cloud or AWS.
* Experience with AI spend management, model routing, evaluations or usage\-based pricing.
* Experience building knowledge\-sharing, workflow or agent products used across large organizations.
* Contributions to open\-source software or the AI ecosystem, or projects you have built with Hermes Agent.

**How to apply**
----------------


Email recruiting@nousresearch.com with the following information:

* The role you are applying for in the subject
* Resume or CV
* Cover letter
* A portfolio showcasing your work",,,,,,,,,,,,,,,indeed
in-439f71dce738b27d,indeed,https://www.indeed.com/viewjob?jk=439f71dce738b27d,https://jobs.ashbyhq.com/sf-tensor/0b03b95d-3399-4080-9b11-0fcffcbcc963?utm_source=M3AzzoAl7E,Member of Mathematical Staff,,"San Francisco, CA, US",2026-09-27,fulltime,direct_data,yearly,225000.0,315000.0,USD,False,,,,,"**At SF Tensor, we're building the future of high\-performance compute**
========================================================================


We firmly believe that the future of AI depends on the unglamorous: rethinking and rebuilding the stack, all the way down. From the hardware underneath it to the compiler targeting it and the cloud running it. Right now those three things fight each other and that friction shows up as a tax on every researcher trying to build something ambitious. We're here to axe that tax and make compute faster, cheaper and more available. When we succeed, compute will be portable enough that ""which cloud, which chip"" stop being something you worry about.


To achieve this, we are building our Kernel Optimizer, which takes code and finds its fastest possible form for whatever vendor and cluster topology you point it at, automatically, as well as the Model Foundry which manages the runs, makes research easier and moves workloads across clouds and chips as prices and availability ship, instead of leaving you locked into whatever vendor you signed with first.


We're backed by Susa Ventures, Y Combinator, along with some great funds and angels including Max Mullen and Paul Graham, as well as founders and executives at Neuralink, Notion and AMD. We're looking for researchers, engineers and organizations who agree with the basic premise: you don't get the next leap in AI without a leap in compute first.

**About the Role**
------------------


We build the fastest GPU compiler in the world. Most compilers have to preserve correctness at every transform, constraining how far they can search, while we prove correctness at the end instead, allowing us to search a far wider space, with agents, with RL, with anything that works and still guarantees the result. It's why we hold \#1 on NVIDIA's own kernel benchmark across hundreds of production kernels.


Our core proof machinery is real and it works, but right now there are some rough edges that limit the number of kernels we can prove. With the rise of AI capabilities in mathematics combined with our bit\-identical models and tools, such as our own model for large\-scale Lean proof writing, things that were nearly impossible just a few months ago are now totally viable, but we need someone who figures out what theory we're missing, builds it and then coordinates with the engineering team to deploy it at scale, which is why we are hiring a Member of Mathematical Staff to own the math behind the proof engine and other surfaces for applying rigorous math to an increasingly wishy\-washy domain.


This is not an advisory role and you'll have access to better tooling than anywhere else, such as bit\-exact software models of hardware components like the **tcgen05**, a compiler capable of emitting code at a lower level than publicly possible, and frontier models with capabilities tailored to what your work needs, trained with our team.

**What You'll Do**
------------------

* You'll own the proof engine end\-to\-end, ensuring we can prove kernels across all edge cases
* You'll collaborate with the engineering team on building formal models of new hardware
* You'll work on formalizing numeric stability and what drives model convergence across diverse architectures
* You'll work on research around the extent to which we can predict training divergence during runs
* You'll collaborate with the research team on our post\-training efforts around formal proofs and program verification
* You'll work on formalizing low\-precision computation and its numerical stability
* You'll collaborate with the engineering team on formally proving sandboxes safe

**What We're Looking For**
--------------------------

* A PhD in Math is strongly recommended but not required: what matters is what you've proven and built
* Someone with good judgement about when a full proof is worth it and when a cheaper guarantee is enough
* Someone who's pragmatic about tooling and knows when SMT works, when an interactive proof is necessary and when custom decision procedures are necessary
* Someone who's comfortable owning an open\-ended problem where you set the research agenda yourself
* Someone who can explain a proof strategy to an engineer who doesn't know the math, and push back when they want to cut corners

**Nice to Have**
----------------

* Someone who's contributed to projects such as Mathlib, Flocq or seL4\.
* Someone with hands\-on experience working with Lean or Rocq
* Someone who's done work or published in the field of program verification
* Someone who's done work or published in the field of numerical analysis or numerics
* Someone who's done work or published in the field of optimization theory or the dynamics of stochastic training
* Someone with deep knowledge in the field of floating\-point formalization

**Why Join Us**
---------------


You will sit in the only place in the world right now working on guaranteeing the correctness and training stability of frontier models, which is one of the most important problems of our time, with the tools and freedom to actually solve it. The truth is that most formal methods work never leaves the paper and most ML work never gets near a proof. Here, the proof engine decides what is allowed to ship into production, so your work sits on the critical path of everything we do and gets tested against more kernels in a day than most verification tools see in their lifetime.


We invest heavily in AI tooling for mathematics, from our own model for large\-scale Lean proof writing to bit\-exact models of the hardware, so you spend your time on the theory and not the tedium, and get from idea to proof as fast as possible. Beyond that, the people who reverse\-engineered the tensor cores, write the compiler and train the models you are proving and using for your mathematics are the same people you eat lunch with, so when a proof hinges on what the silicon actually does, the answer is a conversation away.


We're a small team operating at frontier scale. We pre\-trained foundation models on 4,000 AMD GPUs as a team of three, designed and brought up GB300 NVL72 clusters and designed a TOP500 supercomputer.


We believe that hard problems get solved in person and most of our work happens at our office in San Francisco. We offer relocation assistance and, where possible, we'd like you here as often as possible.


The base salary range for this full\-time position is $225,000\-$315,000, plus meaningful equity and benefits.


Compensation Range: $225K \- $315K",,,,,,,,,,,,,,,indeed
in-45428c1bf5457441,indeed,https://www.indeed.com/viewjob?jk=45428c1bf5457441,https://jobs.ashbyhq.com/bland/00a725bd-15ce-4ff6-9227-3b73155a51f6?utm_source=MydNdxJlvd,Senior Customer Success Manager,BLAND,"San Francisco, CA, US",2026-09-27,fulltime,direct_data,yearly,180000.0,230000.0,USD,True,,,,,"**About Bland AI**


At Bland, we’re building the most human AI phone agents in the world.


We’re a Series C startup backed by Emergence Capital, Y Combinator, and the founders of PayPal and Twilio, and we’ve raised $100M to reimagine the future of customer communication. Today, we’re a 60 person team powering voice automation for companies like Better.com, helping them deliver friendly, helpful, and human\-like conversations at massive scale.


And now we’re hiring our next game\-changing teammate: a Customer Success Manager (CSM) who lives at the intersection of customer success, and solutions.  

  

**Why this role exists**

  

We need someone who will take control of post\-sales, enforce clarity, and drive customers to value fast. Someone who doesn’t wait for direction, they build the plan, run the room, unblock deployments, collapse timelines, and turn customer confusion into clean, repeatable execution. Someone who can stabilize accounts, surface real risks, tighten the feedback loop, and aggressively identify expansion opportunities.

  

That’s the founding Customer Success Manager: the person who owns outcomes, commands the customer relationship, and turns our product into an undeniable business impact at speed.  

  

**What you'll do**

* **Drive Customer Outcomes** \- You’ll own the post\-sales journey end\-to\-end, ensuring every customer launches quickly, hits quantifiable KPIs, and sees unmistakable ROI from our agents. That means diagnosing blockers before they become problems, pushing customers toward high\-value use cases, and turning every deployment into a measurable win for both their business and ours.
* **Cross\-Functional Problem Solving** \- Partner with forward deployed engineers to troubleshoot issues, accelerate resolutions, and ensure customers stay successful in production.
* **Proactive Technical Guidance** \- Educate customers on best practices, new features, and optimization strategies, helping them get more value from Bland with every interaction.
* **Customer Growth \& Expansion** \- Work closely with customers to uncover new use cases, map expansion opportunities, and translate insights into actionable growth plans.
* **Executive \& Technical Communication \-** Engage confidently with stakeholders at every level, simplifying complex AI behavior into clear recommendations that drive adoption and outcomes.
* **High\-Ownership, High\-Velocity Mindset** \- Operate with positivity, pace, and accountability in a fast\-moving startup environment where speed, precision, and customer obsession matter.
* **Driver of Customer Outcomes \-** Help customers achieve measurable business results with the most friendly, helpful, and human\-like AI phone agents in the world.

 **Qualifications**

* **5\+ Years in Technical Customer\-Facing Roles \-** Experience as a TAM, CSM, Deployment Strategist or similar role owning post\-sales success and enterprise customer outcomes.
* **API \& Integration Exposure \-** Interpreting logs, querying data with SQL and understanding how systems integrate in production.
* **Escalation \& Incident Management \-** Skilled in resolving complex issues, guiding senior stakeholders, and driving clarity during high\-pressure situations.
* **Strong Communication Skills \-** Able to simplify technical concepts for executives and dive deep with practitioners.
* **High EQ \& Customer Advocacy \-** Builds trust quickly, navigates competing priorities, and proactively guides customers towards best practices through structured touchpoints such as MBR/QBRs.
* **Cross\-Functional Collaboration \-** Proven success partnering with Sales, and Engineering, to drive adoption and growth.
* **Thrives in Fast\-Paced Environments \-** High\-ownership operator who excels in rapid, high\-impact cultures.

 **Nice to haves**

* Startup experience or early\-stage CSM experience
* Experience with AI/ML, conversational AI, or telephony systems
* Familiarity with debugging distributed systems, logs, or APIs beyond REST/JSON
* Background working with voice workflows, call flows, or contact center tech
* Experience building CSM playbooks or customer onboarding frameworks

 **Why You’ll Love This Role**


You get to build real AI systems that talk, reason, and help humans at scale and you’re the one bringing that magic into production for customers across entire industries.


You’ll be part of a small, elite team at the frontier of voice AI, with massive ownership and the chance to define what “best\-in\-class technical account management” means in the age of LLMs.


And if we do this right? You will have a measurable, outsized impact on Bland’s growth curve.  

  

**Compensation \& Perks**


Salary: $180k – $230k OTE \+ meaningful equity \+ benefits.


Gorgeous office in Levi's Plaza, San Francisco


We are open to remote for this position

 **Additional Information**  

*Bland is an equal opportunity employer. We are committed to proving equal employment opportunities to all qualified applicants and employees and do not discriminate based on any legally protected characteristic.*  

  

*Bland participates in the E\-Verify employment verification program. All new hires are required to complete the Form I\-9, and employment will be verified though E\-Verify as part of the onboarding process.*


Compensation Range: $180K \- $230K",,https://www.indeed.com/cmp/Bland,,,,,,,,,,,,,indeed
in-417cb6f32136c2bd,indeed,https://www.indeed.com/viewjob?jk=417cb6f32136c2bd,https://grnh.se/n4q570272us,Senior Sales Recruiter,Fictiv,"San Francisco, CA, US",2026-09-27,,direct_data,yearly,95000.0,120000.0,USD,True,,,,,"**About MISUMI Americas**



MISUMI Americas, a division of MISUMI Group, is a leading provider of standard, configurable, and custom manufacturing solutions. By integrating a vast catalog of components with a world\-class digital manufacturing platform, MISUMI Americas empowers engineers and procurement teams to accelerate innovation across the entire product lifecycle. With operations in the San Francisco Bay Area and Chicago, the company serves as a vital partner for the most innovative companies in the Americas.

**Location:** Remote (U.S.) \| **Travel:** 0–10%


**The Role**



At MISUMI Americas, we're hiring a Senior Sales Recruiter to own full\-cycle sales hiring in the U.S. You'll be the person hiring managers come to before a role is even fully defined — someone who can turn a vague headcount request into a sharp candidate profile, build a real pipeline against it, and close strong candidates without losing the plot on candidate experience along the way.



You will report to the Global Talent Acquisition Manager.


**What You'll Do**


* **Own full\-cycle recruiting for sales roles spanning individual contributor to senior management.** This includes sourcing, screening, interview coordination, stakeholder alignment, and offer negotiation.
* **Build talent maps and source proactively.** Use LinkedIn Recruiter, job boards, referrals, and outreach strategies tailored to each function — not a one\-size\-fits\-all script.
* **Lead intake meetings that actually shape the search.** Define the candidate profile, advise hiring managers on where to flex and where not to, and keep them aligned as the process moves.
* **Keep pipelines warm ahead of need.** Ongoing outreach and relationship\-building across functions, not just reacting to open reqs.
* **Own the candidate journey.** From first outreach through onboarding, representing the company authentically at every touchpoint.
* **Track and act on recruiting metrics.** Time\-to\-fill, pipeline health, conversion rates, source effectiveness — and use that data to actually change how you recruit, not just report on it.
* **Find and fix the friction.** In interview processes and workflows, so hiring stays fast without cutting corners on quality.
* **Partner cross\-functionally.** Work with People Operations and leadership on hiring priorities and workforce planning.
* All employees are expected to maintain and contribute to the QMS.


**What You'll Bring**


**Experience**


* Minimum of 5–7 years of full\-cycle sales recruiting or talent acquisition
* Track record in fast\-paced, high\-growth, or startup environments preferred
* Proven ability to run multiple diverse requisitions at once, without one function's hiring stalling because another one's on fire


**Technical Skills**


* Greenhouse ATS or a comparable system, including structured interview processes and reporting
* Strong hands\-on proficiency with LinkedIn Recruiter and other sourcing tools
* Working knowledge of U.S. talent markets, compensation trends, and hiring norms across the functions above
* Fluent with AI tools in the recruiting workflow — sourcing, screening, drafting outreach, and surfacing insights from pipeline data — and knows where to apply judgment instead of automation


**Soft Skills \& Attributes**


* Stakeholder management that goes beyond scheduling — able to actually influence a hiring manager's decision when the data says something different than their gut
* Candidate\-first mindset, with an inclusive process as the default, not an afterthought
* Organized enough to juggle competing searches without dropping any of them
* Analytical — comfortable using data to drive decisions, not just to build a slide
* Adaptable, and genuinely energized by variety rather than worn down by it


**Work Environment**



Remote position; standard computer\-based work with extended periods of sitting. Reasonable accommodations are available for individuals with disabilities to perform the essential functions of this role. Travel expectations for this role are 0–10%.


**Compensation \& Benefits**


* Competitive medical, dental, and vision insurance
* 401(k) plan
* Paid parental leave
* Paid volunteer days
* And more


**Salary Range**



$95,000 – $120,000 per year, depending on experience

  

We're actively seeking teammates who:


* Bring diverse perspectives and experience to our culture and company.
* Excel at being part of a strong, empathetic team.
* Thrive in an environment emphasizing respect, honesty, collaboration, and growth.
* Have an 'always learning' mindset that celebrates learning, not just wins.
* Help us continue to build a world\-class organization that values the contributions of all of our teammates


We encourage applications from members of underrepresented groups, including but not limited to women, members of the LGBTQ community, people of color, people with disabilities, and veterans.",Industrial Manufacturing,https://www.indeed.com/cmp/Fictiv,https://d2q79iu7y748jz.cloudfront.net/s/_squarelogo/256x256/b66e3f294e8e12b3ca6e1658d7940f75,https://www.fictiv.com,168 Welsh St San Francisco Ca 94107,51 to 200,,,,,,,,,indeed
in-a03e625e32ca58fe,indeed,https://www.indeed.com/viewjob?jk=a03e625e32ca58fe,https://jobs.lever.co/stanleygroup/74e130e8-6028-485c-866a-b3490e7fc546?lever-source=Indeed,"Engineer-In-Training 1 - 2027, Environmental Water/Wastewater",Stanley Consultants,"Phoenix, AZ, US",2026-09-27,,,,,,,False,,,,,"Stanley Consultants is an award\-winning and industry\-leading global consulting engineering firm, with an unmatched commitment to culture, values, and ethics. We are dedicated to client experience and solve the most complex challenges to create a sustainable, connected, and enriched world for all. As the world changes, Stanley strategically evolves with it, integrating the latest technology, innovation, and resiliency practices.

With over a century of experience serving the energy, federal government, transportation, and water sectors, we have helped improve lives and shape the infrastructure systems that connect us. As an employee\-owned organization with a People First approach, we stand apart from other engineering consulting and services firms. At Stanley, your voice counts, your growth matters, and your success is our success.

Stanley Consultants offers flexible work options, competitive pay and great benefits, a strong sense of community, and the chance to build a meaningful, long\-term career!  


Job title \- Engineer\-In\-Training 1, Environmental Water/Wastewater
Location \- Phoenix, AZ
Job type \- Onsite
Requisition ID \- 11360  



Stanley Consultants is currently looking for a Water/Wastewater Engineer\-In\-Training in our Phoenix, AZ office.



### **What You Will Be Doing:**


* Assist with engineering tasks such as collection and analysis of data.
* Prepare calculations and designs of treatment processes, piping, and pumping facilities.
* Check design computations and quantity estimates.
* Use computer models to simulate real world conditions.
* Develop process calculations and hydraulic calculations for water, wastewater, and storm water treatment, distribution, and collection systems.
* Use AutoCAD, Civil 3D and other applicable engineering design tools.
* Work in collaboration with other disciplines (mechanical, electrical, I\&C, structural, and CAD) to support project managers in producing plans and specifications.
* Work under the guidance of senior engineers to develop asset management plans, utility master plans, and financial rate studies.
* Support construction phase services which may include review of shop drawings, submittals, participation in progress meetings, as well as construction observation and/or inspection.
* Assist with development of reports, specifications, and plans for: water supply, treatment, storage, and distribution; wastewater conveyance, pumping and treatment.
* Interface with equipment suppliers to prepare materials and equipment purchase specifications for client recommendations.
* Assist in client contact and communication pertaining to specific projects.
* Occasional field work, such as site investigations and client meetings, as well as travel will be required.
### **Required Qualifications:**


* BS or MS in Civil Engineering, Environmental Engineering, or Chemical Engineering with an emphasis in water/wastewater engineering.
* Must possess a state Engineer\-in\-Training (EIT) certification (Fundamentals of Engineering examination).
* Ability to effectively communicate in both in\-person and virtual formats.
* Ability to effectively coordinate engineering solutions in a multidiscipline engineering team.
* Strong verbal, computer (MS Office), and organizational skills.
* Strong technical writing skills.
* ArcGIS experience.
**Work\-Life Balance**  

We realize there’s more to life than just work. We help you meet the demands of work, family and personal life through several flexible options.

**What we offer:**
Member\-Owned. Member\-ownership is at the heart of our culture, aligning client satisfaction, company performance, and personal reward.
Paid Time Away. Stanley Consultants offers numerous paid holidays, generous paid time off (PTO), parental leave, and professional development leave.
Health Insurance. We provide a comprehensive insurance package including medical, dental, vision, FSA, HSA, Doctor On Demand, wellness reimbursement, and mental health resources.
Financial Health. We offer life insurance, short\- and long\-term disability insurance, identity theft protection, and many other benefits.
Professional Growth. When your skills grow, so do we, which is why we offer tuition assistance, professional society membership, and more.
Financial Rewards. We share our prosperity with members through company stock ownership, a generous 401K match, incentive compensation, and profit\-sharing contributions to retirement 401K plans.
Click Here: A Great Place To Work

**Learn more about Stanley Consultants in this short video:** Working at Stanley Consultants

Stanley Consultants does not welcome unsolicited resumes from staffing and recruiting agencies. Any unsolicited resumes submitted to Stanley Consultants, including but not limited to resumes submitted directly to Stanley Consultants members, or any of our representatives, will be deemed the property of Stanley Consultants.

Equal Opportunity Employer/Protected Veterans/Individuals with Disabilities

The contractor will not discharge or in any other manner discriminate against employees or applicants because they have inquired about, discussed, or disclosed their own pay or the pay of another employee or applicant. However, employees who have access to the compensation information of other employees or applicants as a part of their essential job functions cannot disclose the pay of other employees or applicants to individuals who do not otherwise have access to compensation information, unless the disclosure is (a) in response to a formal complaint or charge, (b) in furtherance of an investigation, proceeding, hearing, or action, including an investigation conducted by the employer, or (c) consistent with the contractor’s legal duty to furnish information. 41 CFR 60\-1\.35(c)  



We may use artificial intelligence (AI) tools to support parts of the hiring process, such as reviewing applications, analyzing resumes, or assessing responses and identifying potential inconsistencies or verification signals in application materials based on available information. These tools assist our recruitment team but do not replace human judgment. Final hiring decisions are ultimately made by humans. If you would like more information about how your data is processed, please contact us.",Consulting And Business Services,https://www.indeed.com/cmp/Stanley-Consultants,https://d2q79iu7y748jz.cloudfront.net/s/_squarelogo/256x256/a5e62bbd2aeebc1d48257db034684f2f,https://www.stanleyconsultants.com/,"Muscatine, Iowa, United States","1,001 to 5,000",$100M to $500M (USD),Stanley Consultants has been helping clients solve essential and complex energy and infrastructure challenges for over 110 years.,,,,,,,indeed
in-6882dcc95fc979c4,indeed,https://www.indeed.com/viewjob?jk=6882dcc95fc979c4,https://exzj.fa.us8.oraclecloud.com:443/hcmUI/CandidateExperience/en/job/390,Planner III,Frontgrade Technologies,"Plainview, NY, US",2026-09-27,fulltime,direct_data,yearly,83805.0,104756.0,USD,False,,,,,"The Senior Production Planner owns production planning and schedule execution for complex or high\-mix programs within assigned value streams. This role develops and maintains executable production schedules aligned with the Master Production Schedule (MPS) and customer delivery commitments while coordinating cross\-functional actions to resolve constraints and protect schedule performance.  

The role proactively manages risks related to material availability, production capacity, quality holds, and technical issues, driving recovery plans and escalating issues when necessary to maintain delivery performance.  

Production Planning \& Scheduling

* Develop and maintain executable production schedules aligned with MPS and customer contract dates
* Sequence production builds based on delivery commitments, material availability, and capacity constraints
* Monitor schedule health and adjust priorities to maintain schedule stability and execution

  

Schedule Execution \& Recovery

* Drive recovery plans for schedule disruptions including material shortages, quality holds, technical issues, and capacity limitations
* Coordinate cross\-functional actions with Operations, Quality, Procurement, and Program Management to resolve production constraints
* Escalate risks through Tier 2 / Tier 3 forums with clear mitigation plans

  

Capacity \& Production Flow

* Monitor production capacity constraints including testing, burn\-in, seal windows, labor availability, and key production resources
* Balance production loads and identify bottlenecks to maintain efficient workflow
* Monitor work\-in\-process (WIP) flow and aging to ensure timely progression through manufacturing operations

  

Program Visibility \& Communication

* Review and update program status regularly to ensure schedule alignment with delivery commitments
* Maintain visibility of material, WIP, quality, and technical issues impacting production schedules
* Provide clear program status updates and recovery plans for high\-visibility programs

  

Cross\-Functional Coordination

* Lead program\-specific meetings to resolve schedule constraints and align recovery actions
* Collaborate with supply chain and operations teams to prioritize material, inspections, and production readiness

  

Decision Authority

* Production sequencing and build prioritization within assigned programs
* Delivery date adjustments (pull\-ins or push\-outs) with supporting recovery plans
* Escalation of program risks and recommended mitigation actions

  

Performance Metrics

* On\-Time Delivery (OTD)
* On\-Time to Master Production Schedule (OT to MPS)
* Past Due Backlog (PDB) reduction
* Schedule adherence and execution reliability
* WIP flow and aging management
* Minimum five (5\) years of experience in production planning, manufacturing, supply chain, or a related functional discipline. A Master’s degree may substitute for two (2\) years of experience, with a minimum of three (3\) years of applicable experience required.
* Advanced production planning and scheduling skills.
* Strong Excel skills for data analysis, schedule tracking, and reporting.
* Strong working knowledge of ERP/MRP systems and manufacturing data.
* Strong cross\-functional communication, problem solving, and recovery planning skills.
* Demonstrated ability to make decisions and solve problems in complex or loosely defined operating environments.
* Ability to leverage available technology, automation, and AI\-enabled tools to improve planning processes and decision support.
* Data analytics experience using tools such as Power BI, Tableau, SQL, or Python preferred but not required.
* Bachelor’s degree in Business Administration, Supply Chain, Operations Management, or a related field. Applicable experience in lieu of a degree may be considered.


Compensation: $83,805\.32\- $104,756\.65


**About Frontgrade**
At Frontgrade, we build mission\-critical electronics that perform without compromise in the world’s most demanding environments, from deep space to national defense. With decades of proven heritage, we deliver high\-reliability components, subsystems, and integrated solutions trusted when failure is not an option. But our strength is not just in what we build. It is in the people who make it possible. From engineers and product managers to sales teams, marketers, and skilled manufacturing professionals, every role plays a direct part in enabling missions that protect, explore, and connect our world. We move with purpose, collaborate across disciplines, and take pride in delivering solutions our customers rely on in the highest\-stakes environments. If you want your work, whatever your specialty, to contribute to something bigger, you will find your place at Frontgrade.
**Why Work for Us**
We believe mission success starts with taking care of our people. That’s why we offer competitive health, wealth, and wellbeing benefits from day one. You’ll also find real opportunities to learn, grow, and advance, whether you’re building technical expertise, leading teams, or expanding into new areas. Here, your growth is part of the mission.  

  

**Additional Information**
This position may require access to technology, materials, software or hardware that is controlled by either ITAR or EAR U.S. export laws. As a condition of any job offer, in order to be employed in this position, you may need to obtain a U.S. Government export license(s), as required by law.
**Other benefits include:**
* **Immediate Medical (FSA and HSA), Dental, and Vision**
* **401K Match with 100% immediate vesting**
* **9X80 compressed work schedule for qualifying roles**
* **Career Opportunity and Growth**
* **Tuition Reimbursement/Student Loan Repayment**
* **Generous PTO and 11 paid Holidays per year (9 designated holidays and 2 floating holidays)**
* **8 weeks of 100% Paid Family Leave**",,https://www.indeed.com/cmp/Frontgrade-Technologies,https://d2q79iu7y748jz.cloudfront.net/s/_squarelogo/256x256/13ef303d40de9763c27748fe003c7b34,,,Decline to state,Decline to state,"For more than 6 decades, the skilled thinkers, makers, and doers at Frontgrade have embraced our mission to solve complex technology challenges across the U.S. and around the globe.",,,,,,,indeed
in-f7ff7f63921a3b57,indeed,https://www.indeed.com/viewjob?jk=f7ff7f63921a3b57,https://jobs.smartrecruiters.com/Travoom/744000152039538-senior-ios-engineer-swift-swiftui-social-messaging-video-senior-android-engineer-kotlin-jetpack-compose-social-messaging-video,"Senior iOS Engineer — Swift/SwiftUI | Social, Messaging & Video ****** Senior Android Engineer — Kotlin/Jetpack Compose | Social, Messaging & Video",travoom,"Austin, TX, US",2026-09-27,fulltime,,,,,,True,,,,,"**Company Description**  

OleOle is building a global social, messaging and commerce platform designed specifically for the more than three billion football fans around the world.


The platform brings together social media, short\-form video, encrypted messaging and calling, live scores, real\-time translation and football content within a single global ecosystem. Our goal is to connect fans across clubs, countries and languages while creating an infrastructure that extends well beyond social media.


Every OleOle user receives a persistent Wallet ID that connects their identity across the ecosystem. Over time, OleOle will integrate payments, commerce, Mini Programs, ticketing and travel, gaming, digital assets and financial services. Mini Programs will allow clubs, brands, merchants and third\-party developers to build services directly within OleOle, using the platform’s identity, social and payment infrastructure.


OleOleSport, our ticketing and travel business, provides an important early commercial opportunity through tickets, VIP hospitality and travel experiences around major sporting events. As the OleOle audience grows, additional businesses are designed to scale alongside it, including Mini Programs, payments, gaming and NewZeros, our planned financial infrastructure combining exchange capabilities with a broader payments and transaction network.


We are currently a team of approximately 20 people building across backend infrastructure, social, video, messaging, AI and translation, payments, football data, product and design.


OleOle is being built around a long\-term thesis: football is the world’s largest shared passion, yet its global audience remains fragmented across social networks, messaging applications, sports platforms and commerce providers. We believe there is an opportunity to bring those experiences together in one global platform and build significant businesses around the resulting network.


OleOle — Where Fans Kick Off.

 **Job Description**  

We are looking for a senior, hands\-on iOS engineer to take ownership of the architecture and development of OleOle’s native iOS application.


You will work directly with our backend, product and design teams to build the mobile implementation of OleOle’s social, messaging, video, live\-score and payments functionality.


You will:

* Architect and build the native iOS application using Swift and SwiftUI.
* Integrate backend APIs and realtime services as they are developed.
* Build high\-performance social feeds and microblogging functionality.
* Implement short\-form vertical video, including capture, upload, playback and media handling.
* Implement encrypted one\-to\-one messaging and realtime chat.
* Integrate voice and video calling.
* Build contacts, invitations and user\-discovery functionality.
* Implement live scores, realtime match events and push notifications.
* Integrate authentication, account management and secure session handling.
* Integrate wallet, payments and rewards functionality.
* Implement localization and translation functionality.
* Optimize startup, scrolling, media playback, networking, caching and battery usage.
* Build reliable behavior for poor or intermittent network conditions.
* Own testing, debugging and production reliability of the iOS application.
* Take features from architecture through App Store production release.


This is a hands\-on engineering role. We need someone capable of making architectural decisions and then writing the production code to implement them.  



Job Description


We are looking for a senior, hands\-on Android engineer to take ownership of the architecture and development of OleOle’s native Android application.


You will work directly with our backend, product and design teams to build the mobile implementation of OleOle’s social, messaging, video, live\-score and payments functionality.


You will:

* Architect and build the native Android application using Kotlin and Jetpack Compose.
* Integrate backend APIs and realtime services as they are developed.
* Build high\-performance social feeds and microblogging functionality.
* Implement short\-form vertical video, including capture, upload, playback and media handling.
* Implement encrypted one\-to\-one messaging and realtime chat.
* Integrate voice and video calling.
* Build contacts, invitations and user\-discovery functionality.
* Implement live scores, realtime match events and push notifications.
* Integrate authentication, account management and secure session handling.
* Integrate wallet, payments and rewards functionality.
* Implement localization and translation functionality.
* Optimize startup, scrolling, media playback, networking, caching and battery usage.
* Build reliable behavior across Android devices and poor or intermittent network conditions.
* Own testing, debugging and production reliability of the Android application.
* Take features from architecture through Google Play production release.


This is a hands\-on engineering role. We need someone capable of making architectural decisions and then writing the production code to implement them.

 **Qualifications**  

Senior iOS Engineer — Qualifications

* 7\+ years of professional software engineering experience, including substantial native iOS development.
* Expert\-level Swift and strong production experience with SwiftUI.
* Proven experience architecting, building and shipping complex consumer iOS applications.
* Experience building at least one substantial product involving social feeds, messaging, short\-form video, live content or realtime communications.
* Strong experience with WebSockets and realtime/event\-driven mobile applications.
* Production experience with WebRTC or comparable voice/video calling technology.
* Strong experience with AVFoundation, including video capture, playback, compression, upload and media handling.
* Strong understanding of Swift concurrency, networking, caching, memory management and mobile performance optimization.
* Production experience with APNs, push notifications and background processing.
* Experience implementing authentication, Keychain/secure storage, session management and privacy\-sensitive functionality.
* Experience integrating complex backend APIs and working directly with backend engineers as APIs evolve.
* Strong understanding of iOS application lifecycle, background execution and handling poor or intermittent network conditions.
* Experience taking applications through App Store review, release and production operation.
* Demonstrated ability to independently own a major application or feature from architecture through production.
* Strong debugging, profiling, testing and production troubleshooting skills.
* Must be a hands\-on engineer who writes production code, not primarily an engineering manager.


Senior Android Engineer — Qualifications

* 7\+ years of professional software engineering experience, including substantial native Android development.
* Expert\-level Kotlin and strong production experience with Jetpack Compose.
* Proven experience architecting, building and shipping complex consumer Android applications.
* Experience building at least one substantial product involving social feeds, messaging, short\-form video, live content or realtime communications.
* Strong experience with Kotlin Coroutines and Flow.
* Strong experience with WebSockets and realtime/event\-driven mobile applications.
* Production experience with WebRTC or comparable voice/video calling technology.
* Strong experience with CameraX, Media3/ExoPlayer, including video capture, playback, compression, upload and media handling.
* Strong understanding of Android networking, caching, memory management and mobile performance optimization.
* Production experience with Firebase Cloud Messaging (FCM), push notifications and background processing.
* Experience implementing authentication, Android Keystore/secure storage, session management and privacy\-sensitive functionality.
* Experience integrating complex backend APIs and working directly with backend engineers as APIs evolve.
* Strong understanding of the Android application lifecycle, background execution, device/OS fragmentation and poor or intermittent network conditions.
* Experience taking applications through Google Play review, release and production operation.
* Demonstrated ability to independently own a major application or feature from architecture through production.
* Strong debugging, profiling, testing and production troubleshooting skills.
* Must be a hands\-on engineer who writes production code, not primarily an engineering manager.


Compensation


This position currently operates under a written deferred compensation agreement while OleOle completes its funding round. This is not unpaid or volunteer work. Compensation is earned during the deferred period and becomes payable when the company closes funding. Following funding, the position transitions to a standard compensation package consisting of a competitive salary plus equity and OleOle token participation.

 **Additional Information**  

Solutions not problems .

* Creative problem solver who can courageously propose and support new ideas to our organization. Not interested in best practices, lets build something better!
* Ability to adapt. An ideal candidate will welcome the opportunity to solve a broad range of problems using a wide array of technologies.
* Comfortable with ambiguity, shifting priorities and general growing pains of an early\-stage technology company
* An exceptional entrepreneurial judgment that fosters independence over micro\-management
* Understanding of football and international sports a huge plus

  

Ole Ole is located in beautiful Austin Texas, however, this role requires some travel we are privately held and rapidly growing!",,https://www.indeed.com/cmp/Travoom,,http://www.travoom.com,Santa Monica,11 to 50,,,,,,,,,indeed
in-186a080b6b0b69cd,indeed,https://www.indeed.com/viewjob?jk=186a080b6b0b69cd,https://grnh.se/bmnmqjo08us,Internship - Quantum Applications Research,QuEra Computing,"Boston, MA, US",2026-09-27,internship,,,,,,False,,,,,"**About QuEra Computing, Inc.**



QuEra Computing is building the world's most powerful neutral\-atom quantum computers. Our systems are designed to scale and enable groundbreaking advances in science and technology. We collaborate closely with leading academic and industry partners to push the boundaries of quantum computing, error correction, and fault tolerance.


**Summary**



QuEra Computing Inc. seeks a Quantum Applications Research Intern to join our growing team of scientists and engineers developing quantum applications for QuEra's neutral atom quantum computers. As an intern, you will collaborate with leading experts in quantum information and AMO physics to explore, model, and test new approaches for using neutral atoms for quantum computation. This role offers an exceptional opportunity to gain hands\-on experience at the intersection of theory and hardware, contributing directly to the advancement of scalable quantum computing.



Possible internship projects include mapping quantum simulation algorithms for strongly correlated spin and fermionic problems onto logical microarchitectures, the development of scalable hardware\-aware resource estimation tools for complex quantum workloads and noise modeling to further refine QuEra's digital hardware twins. **Applications will be reviewed on a rolling basis, and those received before Nov. 15, 2026 are guaranteed full consideration. Internship terms are flexible, including outside the summer, and can be arranged around candidates' availability.**



**Qualifications**



* Solid background in quantum computing and quantum information processing
* Strong communication skills and enthusiasm for cross\-disciplinary collaboration


**Preferred Qualifications**



* Currently enrolled in or have completed a Ph.D. program in Physics, Computer Science, or a related field
* Strong programming skills and experience with quantum circuit simulation SDKs (e.g., cirq or Qiskit, stim)
* Experience using AI coding agents (Claude Code, Cursor, or similar) as part of a real research or development workflow
* Experience with resource estimation frameworks (e.g., Qualtran)
* Familiarity with neutral atom quantum computing hardware and AMO physics


**Why Join QuEra?**

You will be part of a collaborative, fast\-moving team at the forefront of quantum technology. This internship offers exposure to both cutting\-edge theory and practical implementation, with opportunities to contribute to peer\-reviewed research and real\-world quantum hardware development.


*On\-site internship. There is no relocation offered for this role.*



QuEra is committed to cultivating a diverse work environment and is proud to be an equal opportunity employer. We highly value diversity in our current and future employees and do not discriminate (including in our hiring and promotion practices) based on race, religion, color, national origin, gender, gender expression, sexual orientation, age, marital status, veteran status, disability status, or any other characteristic protected by law.",,https://www.indeed.com/cmp/Quera-Computing,,,,,,,,,,,,,indeed
in-331fa0f1d411d044,indeed,https://www.indeed.com/viewjob?jk=331fa0f1d411d044,http://www.indeed.com/job/director-business-systems-ai-331fa0f1d411d044,Director of business systems & AI,Eclipse Lighting and Electrical,"Anaheim, CA, US",2026-09-27,fulltime,direct_data,yearly,150000.0,190000.0,USD,False,,,,,"Director of Business Systems \& AI

Eclipse Lighting \& ElectricalLocation: Southern CaliforniaJob Type: Full\-TimeCompensation: $150,000–$190,000 per year \+ performance bonus

About Eclipse Lighting \& Electrical

Eclipse Lighting \& Electrical is an established commercial lighting and electrical contractor with approximately 100 employees.

As we continue to grow, we are looking for a highly capable Director of Business Systems \& AI to lead a company\-wide transformation of our processes, technology, automation, data, and use of artificial intelligence.

This is not a traditional IT support position, and we are not looking for someone simply to introduce employees to AI tools.

We are looking for someone who can learn how our business operates from the ground up, identify inefficient or outdated processes, and then design and implement better systems.

The Opportunity

Our company has grown significantly over the years, and some of our processes and systems have not evolved as quickly as the business.

Many workflows currently involve combinations of paper, manual approvals, multiple software systems, databases, spreadsheets, and repeated data entry.

We believe there is a significant opportunity to use modern software, automation, integrations, data analytics, and AI to fundamentally improve how the company operates.

You will be responsible for leading that transformation.

You will work directly with company ownership and department leaders across:

* Operations
* Dispatch
* Field Operations
* Estimating
* Engineering
* Sales
* Accounting
* Accounts Receivable
* Accounts Payable
* Payroll
* Purchasing
* Billing
* Human Resources
* IT

Your job will be to understand how work actually moves through Eclipse and determine how we can do it better.

What You’ll Do

Understand and Redesign Our Processes

Spend time inside each department observing how employees actually work.

Map workflows from initial customer request through estimating, scheduling, field execution, documentation, billing, collection, and financial reporting.

Identify:

* Duplicate data entry
* Unnecessary approvals
* Paper\-based processes
* Manual reporting
* Bottlenecks
* Disconnected systems
* Repetitive administrative work
* Opportunities for automation
* Opportunities for AI
* Processes that should be redesigned before they are automated

We don’t want to automate bad processes. We want to fix them first.

Own Our Business Systems Strategy

Evaluate our existing technology stack and determine what should be kept, improved, integrated, replaced, or eliminated.

Current systems include QuickBooks Enterprise, Microsoft Access\-based operational systems, custom\-developed applications, and various department\-specific tools and processes.

You will help determine the appropriate long\-term technology architecture for the company.

Implement Automation and AI

Identify practical applications of AI and automation that produce measurable business results.

Potential applications include:

* Automated document processing
* Work\-order processing
* Dispatch and scheduling assistance
* Estimating and takeoff automation
* Field documentation
* Purchasing and material workflows
* Invoice preparation and validation
* Accounts receivable workflows
* Job\-cost analysis
* Financial reporting
* Management dashboards
* Customer communication
* Internal knowledge systems
* Contract and document review
* Exception detection
* Operational analytics

AI should solve business problems—not be implemented simply because it is new technology.

Connect Our Systems

Reduce information silos and unnecessary manual entry.

Develop or oversee integrations between accounting, operations, estimating, field systems, reporting tools, and other company platforms.

Experience with APIs, databases, workflow automation, and systems integration is highly valuable.

Build Management Visibility

Create systems and dashboards that allow leadership to quickly understand:

* Job profitability
* Labor performance
* Billing status
* Accounts receivable
* Operational bottlenecks
* Estimating performance
* Field productivity
* Purchasing/material issues
* Financial performance
* Exceptions requiring management attention

Our goal is to move from searching for information to having important information automatically surfaced to management.

Lead Implementation

You will not necessarily be expected to personally write every piece of software.

You will be expected to understand technology well enough to determine what should be built, purchased, or integrated and to manage internal resources, developers, consultants, vendors, and AI platforms required to accomplish it.

Most importantly, you will be accountable for getting projects implemented—not simply making recommendations.

What We’re Looking For

The ideal candidate has experience in some combination of:

* Construction technology
* Electrical, mechanical, plumbing, or specialty contracting
* Business systems
* ERP implementation
* Digital transformation
* Operations/process improvement
* Systems integration
* Workflow automation
* AI implementation
* Data analytics

Experience inside a commercial contractor or construction company is strongly preferred.

You should understand—or be capable of quickly understanding—business processes involving:

* Estimating
* Project/service operations
* Dispatch
* Purchasing
* Field labor
* Payroll
* Job costing
* Billing
* Accounts receivable
* Accounting

Technical Experience

Experience with some combination of the following is preferred:

* Construction ERP systems
* QuickBooks Enterprise or similar accounting/ERP platforms
* Microsoft SQL Server / SQL
* Microsoft Access
* Power BI
* Microsoft Power Platform
* APIs and system integrations
* Workflow automation platforms
* Cloud applications
* AI/LLM platforms
* AI agents and workflow automation
* Data architecture and reporting
* Construction management software

You do not need experience with every technology listed above.

We care more about your ability to understand business problems, design solutions, and successfully implement them.

Who Will Succeed in This Position

You may be a strong fit if you are the type of person who walks into a department, watches a process involving 15 steps and immediately starts asking:

Why are we doing it this way?

You enjoy understanding how businesses actually operate.

You are comfortable talking with everyone from electricians and dispatchers to accountants, engineers, managers, software developers, and company ownership.

You can translate operational problems into technology solutions.

You aren’t afraid to challenge existing processes.

And you finish what you start.

What This Position Is NOT

This is not primarily:

* Help desk/desktop support
* Network administration
* Cybersecurity
* Software development
* An AI research position
* A consulting position that produces reports without implementation

This is a hands\-on leadership position responsible for making Eclipse a more efficient, scalable, data\-driven company.

How Success Will Be Measured

Success will be measured by tangible improvements such as:

* Reduction in manual administrative work
* Faster work\-order\-to\-invoice cycle
* Reduced duplicate data entry
* Improved billing accuracy
* Better job\-cost visibility
* Improved estimating throughput
* Faster management reporting
* Improved accounts receivable processes
* Reduced dependence on paper
* Successful adoption of new systems across the organization

Why Join Eclipse?

This is a rare opportunity to have significant influence over the future of an established company.

You will not be joining a massive corporate IT department where you own one small piece of a system.

You will have direct access to company ownership and the ability to rethink how an entire organization operates.

For the right person, this is an opportunity to build the technology and operational infrastructure that will support Eclipse’s next stage of growth.

Compensation: $150,000–$190,000 annually, depending on experience, plus performance\-based bonus.

Job Type: Full\-time

Work Location: Southern California / On\-site

Because understanding our field and office operations is critical to this position, this is primarily an on\-site role.

Pay: $150,000\.00 \- $190,000\.00 per year

Benefits:

* 401(k)
* Dental insurance
* Flexible schedule
* Health insurance
* Life insurance
* Paid time off
* Vision insurance

Work Location: In person",,https://www.indeed.com/cmp/Eclipse-Lighting-and-Electrical-2,,,,,,,,,,,,,indeed
in-81a77d37af7dbf20,indeed,https://www.indeed.com/viewjob?jk=81a77d37af7dbf20,http://www.indeed.com/job/ai-optimization-automation-specialist-81a77d37af7dbf20,AI Optimization & Automation Specialist,Everlife LLC,"Remote, US",2026-09-27,fulltime,direct_data,yearly,140000.0,185000.0,USD,True,,,,,"AI Optimization \& Automation Specialist

\*\*Company:\*\* Everlife

\*\*Compensation:\*\* $135,000–$165,000 \+ Performance Bonus

\*\*Full\-Time\*\*

\*\*Reports Directly To:\*\* Founders \& CTO

\#\# About Everlife

Everlife is a fast\-growing longevity\-focused telehealth company operating at the intersection of healthcare, technology, AI, and consumer wellness.

Through EverlifeMD.com, we are scaling rapidly across the U.S. with strong in\-house technology, automation, marketing, customer service, and creative infrastructure.

We have earned a \*\*4\.9 Trustpilot rating with 2,500\+ reviews\*\* and are continuing to scale aggressively.

We are a fast\-moving longevity company looking for people who want to grow with us, wear multiple hats, move quickly, and stay on the cutting edge of both health and technology.

**The Role**

Everlife is looking for an \*\*exceptionally strong AI Optimization \& Automation Specialist\*\* to work directly with our Founders and CTO.

We already have substantial infrastructure in place.

Your role is to \*\*plug into that infrastructure, identify where AI can create leverage, design better workflows, connect tools and platforms, and continuously optimize how the company operates.\*\*

You do not need to be a traditional software engineer.

You \*\*do\*\* need to be highly technical, extremely comfortable with AI tools and APIs, and capable of working closely with our CTO and engineering team to turn ideas into production systems.

This role will work across:

\*\*Customer Service **Operations**  Accounting **CRM**  Klaviyo **Creative**  Meta **Analytics**  Internal Tools\*\*

Creative is a major part of the role, but this is ultimately a \*\*company\-wide AI optimization position.\*\*

\#\# What You'll Do

You will identify opportunities across Everlife where AI, automation, and better system design can improve speed, efficiency, scalability, and decision\-making.

Projects may include:

\* Expanding AI workflows across \*\*Zendesk and customer service\*\*

\* Optimizing internal operations

\* Building AI\-assisted workflows around \*\*QuickBooks and accounting\*\*

\* Improving \*\*CRM, Klaviyo, email, and SMS automation\*\*

\* Expanding our AI creative stack

\* Working with \*\*Higgsfield, video, image, voice, and audio tools\*\*

\* Helping improve Meta automation and creative feedback loops

\* Designing AI agents and internal workflows

\* Connecting SaaS platforms and internal systems

\* Creating reporting and optimization systems

\* Finding and eliminating repetitive manual work across departments

\#\# AI \& Automation Expertise

You should have deep hands\-on experience with:

\* Claude / Anthropic

\* OpenAI / ChatGPT

\* Gemini

\* Grok

\* Higgsfield

\* ElevenLabs

\* AI image and video generation

\* Voice and audio tools

\* Multi\-model AI workflows

\* Prompt and context engineering

\* AI agents

\* Workflow automation

\* Model routing

\* Evaluations and QA

\* AI cost and performance optimization

We want someone who knows how to choose the right model and tool for each problem—not someone who relies on one platform for everything.

\#\# Technical Fluency

You do \*\*not\*\* need to be a senior software engineer.

You do need to be technically fluent enough to work closely with our CTO and engineering team.

You should be comfortable with concepts such as:

\* APIs

\* Webhooks

\* API documentation

\* JSON

\* Databases

\* SaaS integrations

\* Authentication

\* Workflow logic

\* Data flow between systems

\* Automation platforms

\* Basic scripting or technical prototyping

\* Cloud\-based tools

\* Error handling and monitoring

You should be capable of understanding how systems connect, designing the workflow, testing integrations, and clearly communicating technical requirements to engineers when deeper development is needed.

\#\# Systems We Work With

Experience with any of the following is valuable:

\* Zendesk

\* Klaviyo

\* QuickBooks

\* CRMs

\* Meta

\* Higgsfield

\* ElevenLabs

\* Claude

\* OpenAI

\* Gemini

\* Grok

\* Supabase

\* Cloudflare

You do not need to be an expert in every platform.

You need to be exceptionally good at \*\*learning new tools quickly and figuring out how to use them together.\*\*

\#\# Who We're Looking For

We're looking for a \*\*high\-agency, hungry AI operator and optimizer\*\*.

You should constantly be asking:

\*\*Can AI do this better?

Can this be automated?

Can these systems be connected?

Can we reduce human work?

Can we improve quality or speed?

Can we use a better model or tool?\*\*

You should be comfortable moving between departments and solving very different problems.

One day you may be improving an AI creative workflow.

The next day you may be redesigning Zendesk automation.

Then working with the CTO on a QuickBooks or CRM integration.

You should move quickly from:

\*\*Problem → AI Solution → Workflow → Test → Optimize → Scale\*\*

We care much more about \*\*what you've built, how you think, and how quickly you learn\*\* than traditional credentials.

\#\# You're Probably a Great Fit If

\* You're obsessed with AI and automation

\* You test new AI tools constantly

\* You have strong experience with Claude, ChatGPT, Gemini, and Grok

\* You understand APIs and system integrations

\* You're familiar with CRMs and SaaS tools

\* You understand creative AI and tools like Higgsfield

\* You're comfortable with Zendesk, Klaviyo, QuickBooks, or similar platforms

\* You think in workflows and systems

\* You are highly analytical and optimization\-focused

\* You can work effectively with technical engineers without needing to be one

\* You move extremely fast

\* You like wearing multiple hats

\* You want to grow inside a rapidly scaling company

\#\# Not a Fit If

\* Your AI experience is limited to writing prompts

\* You only know one AI platform

\* You aren't comfortable with APIs or technical workflows

\* You need detailed instructions before getting started

\* You don't experiment with new tools

\* You prefer narrow roles and fixed responsibilities

\* You don't think in terms of optimization

\* You move slowly

\#\# Compensation

\*\*$135,000–$165,000 base \+ meaningful performance bonus.\*\*

For an exceptional candidate, we are flexible.

\#\# How to Apply

Don't just send a résumé.

\*\*Show us what you've built or optimized.\*\*

Send examples of:

\* AI workflows

\* Automations

\* Agents

\* Creative AI systems

\* API\-driven projects

\* CRM or lifecycle automation

\* Zendesk workflows

\* Klaviyo systems

\* QuickBooks or operations automation

\* Multi\-model AI workflows

\* Demos

\* Loom walkthroughs

\* Personal projects

We would rather see a smart system you built or optimized than another certification.

If you're obsessed with AI, relentlessly focused on optimization, technically fluent, move fast, and want to work directly with Everlife's Founders and CTO improving AI across the entire company—we want to meet you.

Pay: $140,000\.00 \- $185,000\.00 per year

Benefits:

* Flexible schedule
* Health insurance
* Paid time off

Work Location: Remote",,https://www.indeed.com/cmp/Everlife-LLC,,,,,,,,,,,,,indeed
in-d4a4d6f64289385d,indeed,https://www.indeed.com/viewjob?jk=d4a4d6f64289385d,http://www.indeed.com/job/start-founding-senior-full-stack-engineer-d4a4d6f64289385d,START-UP FOUNDING SENIOR FULL STACK ENGINEER,SmartyArty Tech,"Remote, US",2026-09-27,"fulltime, contract",,monthly,,,USD,True,,,,,"**START\-UP FOUNDING SENIOR FULL\-STACK ENGINEER**

**Build what personal injury should have become 10 years ago.**

You know where your Uber is.  
You know where your Amazon package is.

After an accident? Patients, doctors and lawyers are still chasing calls, texts, paperwork and each other.

**We’re fixing that.**

HelpAfterAccident.com is building the coordination layer for accident recovery — **one intake, one journey, everyone connected.**

We’ve already coordinated thousands of recoveries. Now we’re turning what worked manually into software and scaling it.

We need a **Founding Senior Full\-Stack Engineer** who can build fast, make smart architecture decisions and own product from idea → production.

**YOU SHOULD BE DANGEROUS WITH:**

* Full\-stack product engineering
* Modern front\-end \+ back\-end development
* APIs, integrations \+ real\-time workflows
* AI \+ automation
* Cloud infrastructure
* Databases, security \+ scalable architecture
* Shipping without a giant team or perfect requirements

We care less about your perfect tech stack and more about whether **you can actually build.**

**THIS IS STARTUP LIFE.**

**Full\-time. All\-in. Obsessive.**

If you're looking for **9–5, weekends off and work\-life balance from day one, look elsewhere.**

For the first **45–60 days: $500/month \+ founding equity options.**

It's a prove\-it period for both sides.

We're looking for someone who believes in what we're building and wants **real ownership** if we win.

No layers.  
No committees.  
No hiding behind tickets.  
No waiting three days to solve a three\-hour problem.

You'll work directly with the founder and have a real hand in **what we build, how we build it and what this company becomes.**

**BEFORE YOU APPLY**

Be prepared to provide **verifiable professional references.**

**We verify who we hire.**

We use independent third\-party and, where appropriate, official government verification resources to confirm **identity, work authorization, professional history and technical/coding skills.**

If your experience is real, your skills are real and you want to build something from the ground up, **we want to talk.**

**Remote \| Orlando HQ**

**Nobody owns recovery. We will.**

Pay: From $500\.00 per month

People with a criminal record are encouraged to apply

Application Question(s):

* 1\. STARTUP FIT

This is NOT a corporate 9–5\. Expect a messy codebase, ambiguity, pressure, and long days/nights when shipping. Is this genuinely what you want? Yes/No

2\. COMPENSATION  
Initial compensation is $500/month. Those who convert to our long\-term core team may become eligible for increased compensation \+ equity under separately agreed terms. Do you understand and accept? Yes/No

3\. PROVE YOU CAN BUILD  
Send ONE link: GitHub, live product, app, startup, portfolio, etc. Add one sentence explaining what YOU built.

4\. AVAILABILITY  
How soon can you start? How many hours can you realistically commit daily/weekly during launch?

5\. YOUR STRONGEST SEAT  
A) Full Stack \+ DevOps \+ Architecture/Leadership  
B) Full Stack \+ Product/Frontend  
C) Backend \+ Platform/Infrastructure  
Pick ONE. 

Work Location: Remote",,https://www.indeed.com/cmp/Smartyarty-Tech,,,,,,,,,,,,,indeed
in-bbdb7b35bb2eaee7,indeed,https://www.indeed.com/viewjob?jk=bbdb7b35bb2eaee7,https://portx.bamboohr.com/careers/74?source=indeed&src=indeed&postedDate=2026-09-27,Senior Software Engineer - Enterprise integration for banking,PortX,"Mercer Island, WA, US",2026-09-27,,direct_data,yearly,170000.0,200000.0,USD,False,,,,,"PortX is a leading AI\-powered data and integration company for modern banking, bringing systems together and data to life through our unified platform for modern integration, governed customer 360 data, and next\-generation payments.

  

We're in strong growth mode, with new opportunities for Senior Software Engineers, working in a high\-impact environment that's open and rewarding, so it's a great time to join.

 **Day to day responsibilities include:**

  

* Hands\-on development for **PortX** **customer integration projects**.
* **Build and enhance APIs, backend services, and integration components** across modern banking and payments environments.
* Design, develop, test, and maintain high\-quality solutions for PortX customer integration projects.
* Use modern AI tools responsibly to accelerate engineering productivity, code quality, testing, and documentation.
* Troubleshoot, diagnose, and resolve customer\-reported technical issues in a timely manner, including root cause analysis and permanent fixes where appropriate.
* Participate in architectural and technical design discussions, helping define robust, secure, and maintainable solutions.
* Contribute to deployment, configuration, and operational support processes across cloud\-based environments, primarily AWS.
* Write clean, maintainable, well\-tested code and contribute to continuous improvement of engineering standards, tooling, and development practices.
* Collaborate with cross\-functional teams to improve system performance, reliability, observability, and scalability.
* Create and maintain technical documentation relating to implementations, integrations, troubleshooting, and support handover.

  


**Required skills:**

  

* **Enterprise integration and implementation experience**: APIs, event\-driven architecture, integration platforms/iPaaS
* Hands on experience with containerization
* Experience with consuming web services, REST and SOAP based architecture
* Hands on experience with deploying to AWS platform
* Hands on experience with GIT
* Hands on experience with Maven
* Demonstrated hands\-on expertise with AI developer tools (e.g., GitHub Copilot, GPT\-powered coding assistants, automated test writers etc.
  


**Preferred skills:**

  

* Banking, credit union, or payments domain experience (core banking systems, digital banking, ACH/ISO 20022\).
* Hands on experience with integration framework, such as Apache Camel
* Demonstrated technical architectural design capability from past projects
  


This is a chance to join a fast\-growing company at the forefront of AI\-powered banking integration and data innovation. You will work in a collaborative, high\-impact environment where your technical expertise directly influences business growth and customer success. At this stage, ownership isn't a talking point \- it's the job. You'll drive your space end to end, which means your time and availability flex with what the work actually needs, not a fixed clock. If that type of environment is energizing rather than exhausting, you'll thrive here.  

  

**PortX Principles**

  

* Do Everything with Purpose
* Challenge the Ordinary
* Check your Ego at the Door

  


**Benefits**

  

* Competitive compensation: attractive equity opportunities at a venture\-backed startup
* High Impact Role: Have a direct and immediate impact on revenue \& scaling the business
* Insurance (medical, dental, vision)
* 401(k)
* Unlimited PTO
* Be a part of a collaborative and highly motivated team culture where your voice is heard and you're not just a number in a big company

  



US Citizenship required \- No Visa Sponsorship available",,https://www.indeed.com/cmp/Portx,,,,,,,,,,,,,indeed
in-309c766e2a147fed,indeed,https://www.indeed.com/viewjob?jk=309c766e2a147fed,https://waveworks.bamboohr.com/careers/45?source=indeed&src=indeed&postedDate=2026-09-27,Design Infrastructure Engineer (EDA & Test),WaveWorks Technologies Inc,"Seattle, WA, US",2026-09-27,fulltime,,,,,,False,,,,,"WaveWorks makes wireless communication solutions for the next wave of connected devices. WaveWorks' unique technology provides extremely low cost, small form factor, and orders of magnitude lower power consumption, while achieving long operating range and high reliability. WaveWorks is expanding its engineering team and searching for high performing, dedicated individuals to help blaze new trails.

 **ROLE DESCRIPTION**



WaveWorks is looking for a strong software and systems engineer to own the engineering environment its silicon team depends on. That environment is built on the Synopsys, Cadence and Siemens EDA tool suites, alongside other EDA and lab tools. The role covers the software, compute, EDA, data and automation infrastructure behind chip design, bring\-up, characterization and test. The goal is an engineering environment that runs like a mature production system: reliable, reproducible and able to scale, with tooling and infrastructure work taken off the IC designers.



The right person will be given authority to direct information and IT infrastructure for a complex, deep\-stack technology startup building a multi\-faceted platform.

  

This is not a chip design role and not corporate IT. The engineer is the technical owner of the systems that let analog, digital and verification designers do their jobs, and the software generalist the silicon team turns to when a new need appears. EDA tools are the first priority, but the scope is deliberately broad.

 **EDA ENVIRONMENT**

  

* Install, configure and maintain the Synopsys, Cadence and Siemens EDA tool suites, their license servers, and other EDA tools, and make them work together reliably in one design environment.
* Own the knowledge of how the design environment is assembled, and document it so that it does not depend on any one designer.
* Open and track support tickets, reproduce and report failures, coordinate work with vendors, and drive issues to closure.

  

  

**COMPUTE AND ENGINEERING INFRASTRUCTURE**


* Run engineering workstations, compute servers, shared storage, and access control.
* Build reproducible development environments, software deployment, and automation, including CI\-style workflows around design and test.

  


**TEST AND CHARACTERIZATION SOFTWARE**


* Build bench\-test automation and instrument\-control software for silicon bring\-up and characterization.
* Build the pipeline for test data: acquisition, experiment metadata, parsing, storage, statistical analysis, plotting and reports.
* Build regression and automated test suites, and tools to compare results across devices, lots, temperatures, configurations and silicon revisions.
  


**ENGINEERING DATA**


* Organize design files, test data, generated artifacts and technical documentation so they are stored predictably, versioned, searchable, tagged with metadata, and available to the right people.
* Own version control across engineering: Git for software, scripts and configuration, and design data management for design libraries and PDKs, with branching, release and access practices the whole team follows.
* Structure engineering data so later analysis and automation are possible.
  


**INTERNAL SOFTWARE**


* Write the internal tools, scripts, data pipelines, hardware\-control software and build tooling that the silicon team needs, including one\-off software to unblock a hardware engineer.
* Use AI coding agents and modern tools as a standard part of the work, to build internal software quickly and remove recurring manual overhead.
  


**REQUIRED QUALIFICATIONS**


* BS in Electrical Engineering or a closely related field plus 3 or more years of software or systems engineering experience, or an MS plus 1 or more years.
* Strong software engineering in Python and at least one other language, with a record of building and maintaining tools other engineers rely on.
* Expert use of Git and version\-control workflows, including repository administration.
* Deep Linux systems administration: servers, storage, networking, user and access management, and scripting.
* DevOps practice: configuration management, reproducible environments, containers, CI, and automation of repetitive work.
* Daily, effective use of AI coding agents and assistants in engineering work.
* High autonomy and breadth: able to take ownership of an undefined problem, such as a new test suite, and deliver it without close direction.
* Enjoys building critical infrastructure and wants to own it.

  


**PREFERRED QUALIFICATIONS**


* Experience administering Synopsys, Cadence or Siemens EDA tools, including license servers and design\-environment setup.
* Familiarity with IC design flows, PDKs, and design data management.
* Lab automation and instrument control for semiconductor bring\-up or characterization.
* Data engineering and statistical analysis of large test data sets.
* Experience working with EDA or other technical vendors on support and escalation.
* Firmware or embedded software experience.
* Experience at a semiconductor or hardware startup.

  



With its unique technology, WaveWorks is positioned to meet the needs of a plethora of applications of wireless connectivity that are not well served by conventional wireless solutions. Join us as we work to capture this opportunity and become a significant force in wireless.

  

WaveWorks is committed to a friendly and welcoming working environment, and has a comprehensive benefits package for full time employees. WaveWorks does not discriminate based on race, gender, age, religious affiliation, or any other legally protected status.

  

WaveWorks is located in downtown Seattle, Washington.",,https://www.indeed.com/cmp/Waveworks-Technologies-Inc,,,,,,,,,,,,,indeed
in-f624c2e664293cbd,indeed,https://www.indeed.com/viewjob?jk=f624c2e664293cbd,https://jobs.paloaltonetworks.com/en/job/santa-clara/sr-principal-engineer-software/47263/101228156416,Sr Principal Engineer Software,Palo Alto Networks,"Santa Clara, CA, US",2026-09-27,fulltime,direct_data,yearly,183600.0,297000.0,USD,False,,,,accommodations@paloaltonetworks.com,"Santa Clara, California, United States of America Product Engineering Ref ID: JR\-017351  

**Our Mission**


At Palo Alto Networks®, we’re united by a shared mission—to protect our digital way of life. We thrive at the intersection of innovation and impact, solving real\-world problems with cutting\-edge technology and bold thinking. Here, everyone has a voice, and every idea counts. If you’re ready to do the most meaningful work of your career alongside people who are just as passionate as you are, you’re in the right place.


**Who We Are**


In order to be the cybersecurity partner of choice, we must trailblaze the path and shape the future of our industry. This is something our employees work at each day and is defined by our values: Disruption, Collaboration, Execution, Integrity, and Inclusion. We weave AI into the fabric of everything we do and use it to augment the impact every individual can have. If you are passionate about solving real\-world problems and ideating beside the best and the brightest, we invite you to join us!


We believe collaboration thrives in person. That’s why most of our teams work from the office full time, with flexibility when it’s needed. This model supports real\-time problem\-solving, stronger relationships, and the kind of precision that drives great outcomes.
**Job Summary**


To be updated by Recruiter


**Qualifications**

**Compensation Disclosure**


The compensation offered for this position will depend on qualifications, experience, and work location. For candidates who receive an offer at the posted level, the starting base salary (for non\-sales roles) or base salary \+ commission target (for sales/com\-missioned roles) is expected to be the annual range listed below. The offered compensation may also include restricted stock units and a bonus.


$183,600\.00 \- $297,000\.00/yr
**Our Commitment**

We’re trailblazers that dream big, take risks, and challenge cybersecurity’s status quo. It’s simple: we can’t accomplish our mission without diverse teams innovating, together.


We are committed to providing reasonable accommodations for all qualified individuals with a disability. If you require assistance or accommodation due to a disability or special need, please contact us at accommodations@paloaltonetworks.com.


Palo Alto Networks is an equal opportunity employer. We celebrate diversity in our workplace, and all qualified applicants will receive consideration for employment without regard to age, ancestry, color, family or medical care leave, gender identity or expression, genetic information, marital status, medical condition, national origin, physical or mental disability, political affiliation, protected veteran status, race, religion, sex (including pregnancy), sexual orientation, or other legally protected characteristics.


All your information will be kept confidential according to EEO guidelines.


Is role eligible for Immigration Sponsorship?: Yes",,https://www.indeed.com/cmp/Palo-Alto-Networks,https://d2q79iu7y748jz.cloudfront.net/s/_squarelogo/256x256/0faf192cd5b5f732d5b8b8ee9d263081,https://jobs.paloaltonetworks.com/,"Santa Clara, CA","10,000+",$5B to $10B (USD),Your career will have a global impact: one that protects our way of life in the digital age by preventing successful cyberattacks.,,,,,,,indeed
in-16dadbddf501e311,indeed,https://www.indeed.com/viewjob?jk=16dadbddf501e311,https://jobs.dayforcehcm.com/en-US/isone/INTERNSHIPS/jobs/4438,Student Internship - Cloud Platform Engineering,ISO New England,"Holyoke, MA, US",2026-09-27,internship,direct_data,hourly,19.0,36.0,USD,False,,,,,"ISO New England is the independent system operator responsible for ensuring the safe and reliable flow of electricity in our region and planning for the future of the electric grid. We are at the forefront of New England’s ongoing transition to clean energy.
  
  

Build the cloud tools behind the people who keep New England powered. Join ISO New England for a hands\-on internship in cloud platform engineering and developer experience, where you’ll work on automation, CI/CD, infrastructure\-as\-code, AI\-assisted engineering, and real enterprise technology projects that help teams move faster and build smarter.
  
  

Internship Title – Cloud Platform Engineering \& Developer Experience Intern
  
Department – Information Services
  
**Minimum Education level:** Rising Senior
  
**Preferred Majors:** Computer Science, Software Engineering, Information Systems
  
  

Who We Are
  
ISO New England is one of the most pivotal energy companies you’ve probably never heard of. Our job is to oversee the 24/7 operation of the power grid that covers the six\-states of New England and to administer the region’s $10\+ billion “stock exchange” for buying and selling of wholesale electricity. Our work ensures that over 14 million people can reliably turn their lights on and complete their jobs, take care of their families, and live in comfort with convenience.
  
  

Department Description
  
Cloud Platform Engineering develops and supports cloud platforms, automation, CI/CD, infrastructure\-as\-code, security guardrails, observability, and developer enablement capabilities used by technology teams across the organization.
  
  

What You’ll be Working On
  
You’ll partner with engineers to improve the cloud platforms and developer tools used by technology teams across ISO New England. Projects may include cloud automation, infrastructure\-as\-code, CI/CD pipeline enhancements, developer tooling, documentation, observability improvements, and AI\-assisted engineering initiatives that make it easier for teams to build, test, deploy, and support applications.
  
  

You’ll gain practical experience with cloud engineering, DevOps, automation, platform engineering, secure software delivery, infrastructure\-as\-code, CI/CD, and AI\-assisted development while contributing to meaningful enterprise technology projects.
  
  

How You’ll Make an Impact
  
Your work will help improve developer productivity, strengthen cloud automation, and support adoption of modern engineering practices across ISO New England. By helping build secure, reliable, and easy\-to\-use platform capabilities, you’ll contribute to the technology foundation that supports the region’s power grid and wholesale electricity markets.
  
  

What We Look for in a Candidate
  
* Rising senior pursuing a degree in computer science, software engineering, information systems, or a related field.
* Experience with programming and familiarity with Git, and Linux preferred.
* Exposure to AWS, Terraform, containers, CI/CD, Python, JavaScript or AI\-assisted development tooling is a plus.
* Curiosity, strong problem\-solving skills, clear communication, and an interest in cloud engineering, automation, and developer experience.


This employer will not sponsor applicants for work visas for this position (ex: H\-1B, F\-1/CPT/OPT, O\-1, E\-3, TN, J, etc.).
  
  

\#LI\-DNP
  
  

The expected hourly range for this position is $19\-$36 per hour, depending on your year in college. Interns are eligible for some paid time off benefits and have access to our wellness program. Our internships also provide interns with exposure to the energy industry, mentorships, and real\-world experience.
  
This is a U.S. based role. If the successful candidate resides outside of the U.S., relocation will be required.
  
  

To be eligible for an internship with ISO New England, a candidate must have completed at least the first year of college and be currently enrolled in a four year or graduate\-level academic program. Candidates must have the authority to work in the US on a permanent basis, without requiring sponsorship.
  
  

**Equal Opportunity:** We are proud to be an EEO employer. Applicants for employment are considered without regard to race, color, religion, creed, sex (including pregnancy, childbirth, and related medical conditions), gender identity or expression, sexual orientation, citizenship, national origin, age, ancestry, marital status, disability (including learning, mental, intellectual, and physical), service in the uniformed services, genetic information, or any other status protected by applicable law.
  
  

**Drug Free Environment:** We maintain a drug\-free workplace and perform pre\-employment substance abuse testing.",Energy And Utilities,https://www.indeed.com/cmp/Iso-New-England,https://d2q79iu7y748jz.cloudfront.net/s/_squarelogo/256x256/c86390bdd41fda1afdb1317714bad7a9,http://www.iso-ne.com,,"501 to 1,000",,"ISO-NE oversees the 24/7 operation of the region’s power grid, administers the $9+ billion wholesale electricity market, and conducts power system planning, preparing for a cleaner & greener grid.",,,,,,,indeed
in-0893f7b70fcb8d61,indeed,https://www.indeed.com/viewjob?jk=0893f7b70fcb8d61,https://job-boards.greenhouse.io/anthropic/jobs/5435710008,"Product Finance & Strategy, Monetization",Anthropic,"San Francisco, CA, US",2026-09-27,,direct_data,yearly,190000.0,240000.0,USD,False,,,,,"**About Anthropic**
-------------------



Anthropic’s mission is to create reliable, interpretable, and steerable AI systems. We want AI to be safe and beneficial for our users and for society as a whole. Our team is a quickly growing group of committed researchers, engineers, policy experts, and business leaders working together to build beneficial AI systems.

**About the role**
------------------



We are hiring a Finance \& Strategy team member to work across two areas: Model Monetization and Enterprise \& Verticals. In Model Monetization, you will own the economics behind how we price and package our models, including list pricing, tiering, and consumption mechanics across model families. In Enterprise \& Verticals, you will be the Finance \& Strategy partner to the product teams, working on the business cases, product economics, and investment decisions behind what we build for enterprises and priority industries. Every model launch and most major enterprise product decisions run through this work.



The role carries a high degree of ownership and autonomy. It suits someone who likes building models and working through ambiguous questions. You will connect token economics, inference and compute costs, and margin to pricing and packaging decisions, and apply the same approach to enterprise and vertical product investments. You will be expected to form a view, defend it with analysis, and drive it to a decision. You should follow AI closely and have a perspective on where the field is heading.



If you want to work on the economics of frontier AI, join us in making AI safe and beneficial.


**Key responsibilities**
------------------------


* Own model monetization end to end: build and maintain the financial models that connect token economics, inference and compute costs, and margin to pricing and packaging decisions across our model family and API
* Serve as the Finance \& Strategy partner to our Enterprise and Verticals product teams, owning the financial lens on what we build for enterprises and priority industries
* Build the business cases behind enterprise and vertical product investments: size opportunities, model product economics and pricing, and evaluate the return on competing roadmap bets
* Partner cross\-functionally with product, go\-to\-market, and compute stakeholders to evaluate pricing and packaging changes, new model launches, and consumption\-based offerings, translating analysis into clear, opinionated recommendations
* Analyze the drivers of unit economics and gross margin, surfacing the trends, risks, and opportunities that should inform monetization and product strategy
* Track the competitive and market landscape for AI monetization and enterprise adoption, bringing an outside\-in view that sharpens our own strategy
* Form and defend a point of view on monetization and product investment decisions, delivering clear, concise analyses that drive to resolution with executives and cross\-functional partners
* Collaborate with finance, FP\&A, and accounting counterparts to ensure decisions are consistent with broader financial strategy and reporting
* Establish and maintain reporting dashboards that track key pricing, margin, consumption, and product performance metrics

**Minimum qualifications**
--------------------------


* Advanced modeling: you can build and maintain a complex operating model from scratch, and you enjoy doing it
* A record of owning a workstream and driving it independently from question to decision
* The judgment to form an opinion and defend it, and the openness to update it as the analysis changes
* You follow AI closely and have a view on where it is going
* Ability to explain complex financial information clearly to non\-finance audiences
* Commitment to Anthropic's mission to build safe, transformative AI systems

**Preferred qualifications**
----------------------------


* 7\+ years in strategic finance, product finance, pricing, investment banking, private equity, growth equity, or management consulting
* Operating experience inside a company, not solely in an advisory or investing seat
* Direct experience owning pricing, packaging, or monetization strategy, for example setting or revising list prices, designing tiering and packaging, running pricing research, or measuring the impact of pricing changes
* Experience partnering with a product organization on business cases, investment decisions, or roadmap prioritization
* Experience with usage\-based, API, or developer platform pricing, or other consumption\-based business models
* Knowledge of and interest in cloud computing infrastructure and compute economics
* Proficiency in SQL

The annual compensation range for this role is listed below.



For sales roles, the range provided is the role’s On Target Earnings (""OTE"") range, meaning that the range includes both the sales commissions/sales bonuses target and annual base salary for the role.


Annual Salary:


$190,000 \- $240,000 USD

**Logistics**
-------------


**Minimum education:** Bachelor’s degree or an equivalent combination of education, training, and/or experience


**Required field of study:** A field relevant to the role as demonstrated through coursework, training, or professional experience


**Minimum years of experience:** Years of experience required will correlate with the internal job level requirements for the position


**Location\-based hybrid policy:** Currently, we expect all staff to be in one of our offices at least 25% of the time. However, some roles may require more time in our offices.


**Visa sponsorship:** We do sponsor visas! However, we aren't able to successfully sponsor visas for every role and every candidate. But if we make you an offer, we will make every reasonable effort to get you a visa, and we retain an immigration lawyer to help with this.


**We encourage you to apply even if you do not believe you meet every single qualification.** Not all strong candidates will meet every single qualification as listed. Research shows that people who identify as being from underrepresented groups are more prone to experiencing imposter syndrome and doubting the strength of their candidacy, so we urge you not to exclude yourself prematurely and to submit an application if you're interested in this work. We think AI systems like the ones we're building have enormous social and ethical implications. We think this makes representation even more important, and we strive to include a range of diverse perspectives on our team.  

  

**Your safety matters to us.** To protect yourself from potential scams, remember that Anthropic recruiters only contact you from @anthropic.com email addresses. In some cases, we may partner with vetted recruiting agencies who will identify themselves as working on behalf of Anthropic. Be cautious of emails from other domains. Legitimate Anthropic recruiters will never ask for money, fees, or banking information before your first day. If you're ever unsure about a communication, don't click any links—visit anthropic.com/careers directly for confirmed position openings.


**How we're different**
-----------------------



We believe that the highest\-impact AI research will be big science. At Anthropic we work as a single cohesive team on just a few large\-scale research efforts. And we value impact — advancing our long\-term goals of steerable, trustworthy AI — rather than work on smaller and more specific puzzles. We view AI research as an empirical science, which has as much in common with physics and biology as with traditional efforts in computer science. We're an extremely collaborative group, and we host frequent research discussions to ensure that we are pursuing the highest\-impact work at any given time. As such, we greatly value communication skills.



The easiest way to understand our research directions is to read our recent research. This research continues many of the directions our team worked on prior to Anthropic, including: GPT\-3, Circuit\-Based Interpretability, Multimodal Neurons, Scaling Laws, AI \& Compute, Concrete Problems in AI Safety, and Learning from Human Preferences.


**Come work with us!**
----------------------



Anthropic is a public benefit corporation headquartered in San Francisco. We offer competitive compensation and benefits, optional equity donation matching, generous vacation and parental leave, flexible working hours, and a lovely office space in which to collaborate with colleagues. **Guidance on Candidates' AI Usage:** Learn about our policy for using AI in our application process.",,https://www.indeed.com/cmp/Anthropic,https://d2q79iu7y748jz.cloudfront.net/s/_squarelogo/256x256/0871ccb0a3217a5a6f51980a2ed3e4a6,http://anthropic.com,,51 to 200,,"Anthropic is a San Francisco-based AI safety and research company that’s working to build reliable, interpretable, and steerable AI systems. We are a PBC & offer competitive compensation + benefits!",,,,,,,indeed
in-98115f7bcb4f6637,indeed,https://www.indeed.com/viewjob?jk=98115f7bcb4f6637,https://progleasing.wd5.myworkdayjobs.com/ProgLeasingCareers/job/Texas/Lead-Engineer---Full-Stack--Remote-_JR102010,Lead Engineer - Full Stack (Remote),Progressive Leasing,"TX, US",2026-09-27,fulltime,,,,,,True,,,,,"**Progressive Leasing** is a leading provider of in\-store and e\-commerce lease\-to\-own solutions. With more than 20 years in FinTech, we’ve grown from start\-up to industry leader by innovating, simplifying, and valuing people. We are a subsidiary of PROG Holdings (NYSE: PRG), a FinTech holding company with three business segments: Progressive Leasing, Purchasing Power (a leading employee purchase program for consumer products and services using payroll deduction), and Four, a Buy Now Pay Later (BNPL) platform.

  

Progressive Leasing is a leading provider of in\-store and e\-commerce lease\-to\-own solutions. As an almost 20\+ year old FinTech company that has gone from start\-up to industry leader, we know how to innovate, simplify, and value all people. We are a company founded on our grit and we are constantly looking to the future. As an ever\-evolving group of entrepreneurs and technologists, we strive to do the right thing period in all aspects of our work. We are a subsidiary of PROG Holdings (NYSE: PRG), an exciting FinTech holding company, with three business segments including Progressive, Purchasing Power, and Four, a Buy Now Pay Later (BNPL) platform.

  

We are currently hiring a **Lead Engineer \- Full\-Stack (Remote)** to help grow our company and ensure our mission is achieved! This is a remote\-eligible role that can be performed from anywhere in the continental US or from our corporate headquarters in Draper, Utah. As a Lead Engineer, you will own the architecture and delivery of full\-stack solutions, guide a distributed engineering team, and drive technical strategy that aligns with product goals across web and API layers.

 *This role is a work from home position and can be performed remotely anywhere in the continental US or in our corporate office in Draper, Utah.*

 *Employee Value Proposition (EVP): PROG is dedicated to providing people with opportunity; opportunity for inclusive collaboration, opportunity for innovation, and opportunity for development.*

 **WE ARE:** A technology organization dedicated to designing and delivering winning engineering and product strategies in a fun and engaging environment. We provide our employees with challenging opportunities where passion, tenacity, innovation and diligence are rewarded. We want your passion, your creativity and your mastery in rallying support for the ideas that will advance our initiatives. With your broad technical and strategic expertise, you will plan, architect and implement highly effective engineering, platform and operational strategies, solutions and initiatives to drive adoption and scale for our clients.

 **YOU ARE:** A software professional who leads with technical depth and delivers solutions for complex, large\-scale business problems. You are equally at home in an Angular / C\# API codebase, designing a BFF architecture, and mentoring engineers across time zones. You create and deliver customized experiences for customers across all channels.

 **YOUR DAY\-TO\-DAY:**

**Technical Leadership**

* Own the architecture, quality, and delivery of the Angular application and related APIs/services
* Define and enforce coding standards, patterns, and best practices across mobile and full\-stack development; drive the adoption of an A.I. first engineering mindset
* Drive technical roadmap decisions and align them with product goals, timelines, and the broader engineering organization
* Provide technical expertise in architecture, design, testing, and implementation — spanning web UI through backend API contracts and LLM integration patterns
* Lead in\-depth code reviews and conduct root cause analysis of critical production issues
* Actively engage in and may influence the direction of industry groups or open\-source communities

 **Delivery \& Execution**

* Own end\-to\-end delivery of web features from technical scoping through release and production monitoring
* Break down complex requirements into actionable engineering tasks, milestones, and clear ownership across a distributed team
* Identify and proactively mitigate technical risk throughout the development lifecycle
* Maintain and improve CI/CD pipelines and release management processes for both platforms
* Create and maintain best practices for observability and logging for all layers of the application
* Develop and deploy solutions with performance, security, and accessibility in mind from the start

 **Team \& Collaboration**

* Lead and mentor a geographically distributed team across two hubs (Americas and India), fostering strong engineering culture and clear accountability across time zones
* Work collaboratively with technical and business team members (Product, Design, QA, Backend) to develop and maintain business solutions following Agile principles
* Initiate and lead efforts toward organizational goals; be influential in building a dynamic, productive engineering organization and continuously improving practices
* Participate in hiring — reviewing resumes, conducting technical interviews, and evaluating candidates; proven experience building and mentoring world\-class engineering teams
* Set clear expectations for a mix of full\-time employees and contractors, raising the technical bar across all contributors
* Ensure software quality engineering by keeping engineers current on best practices, automated testing, alerting, and proactive production support

 **YOU'LL BRING:**

**Required**

* A minimum of 10 years of software development experience, with at least 5 years focused on full\-stack development
* Experience with A.I. first engineering and usage of Claude, Co\-Pilot, and other tools
* Strong understanding of Object Oriented Design principles, and how to properly architect both a UI and an API
* Proven full\-stack capability — comfortable owning or collaborating on BFF / API layers
* Extensive experience with cross\-browser and cross\-platform development including mobile and responsive UI
* Experience developing and architecting high\-transaction, high\-throughput systems
* Demonstrated ability to lead distributed teams across time zones with strong personal accountability
* Excellent problem\-solving skills; meticulous, methodical, and able to translate complex business requirements into simple software solutions
* Experience with CI/CD, Agile methodologies, and open\-source technologies

 **Preferred**

* Experience with LLM / AI\-native development patterns and integrating AI\-powered features into consumer products
* Experience leading teams of 5\+ engineers across multiple geographies
* Familiarity with Service Oriented Architecture and microservices
* Background in mobile accessibility (WCAG, platform accessibility APIs)
* Background in fintech, consumer lending, or similarly regulated industries

  

* AI\-enabled tools are already part of how work gets done across our organization, and their use will continue to expand over time. We value people who are curious, adaptable, and open to learning as roles and workflows evolve

 **WE OFFER:**

* Competitive Compensation
* Full Health Benefits; Medical/Dental/Vision/Life Insurance \+ Paid Parental Leave
* Company Matched 401k
* Paid Time Off \+ Paid Holidays \+ Paid Volunteer Time
* Diversity Alliance Resource Groups
* Employee Stock Purchase Program
* Tuition Reimbursement
* Charitable Gift Matching
* Job Required Equipment \& Services Will Be Provided

 *Progressive Leasing welcomes and encourages diversity in the workplace. We do not discriminate in any aspect of employment on the basis of race, color, religion, national origin, ancestry, gender, sexual orientation, gender identity and/or expression, age, veteran status, disability, or any other characteristic protected by federal, state, or local employment discrimination laws where Progressive Leasing does business.*",,https://www.indeed.com/cmp/Progressive-Leasing,https://d2q79iu7y748jz.cloudfront.net/s/_squarelogo/256x256/0789c24abca4f90b2a378bf935a52bb2,http://www.progleasing.com,"Draper, UT","1,001 to 5,000",$1B to $5B (USD),Progressive Leasing helps millions of people get what they need every year. Come join the team!,,,,,,,indeed
in-78d7045ceb4b8547,indeed,https://www.indeed.com/viewjob?jk=78d7045ceb4b8547,https://jobs.ashbyhq.com/confido/fa5cd1ea-de5c-429f-a064-052f391daf40?utm_source=2rxG7LNOO9,Head of Predictions & Optimization,CONFIDO,"New York, NY, US",2026-09-27,fulltime,direct_data,yearly,250000.0,350000.0,USD,False,,,,,"Confido is the AI infrastructure powering modern CPG — the platform that 200\+ brands like OLIPOP, Simple Mills, Dr. Squatch, and Tropicana use to run everything from deductions to production planning. Finance, accounting, sales, and operations, unified in one system for the first time.


We're growing 5x year over year with a small team in New York City; the people who join now will shape the product, the culture, and the company itself.


If you want your work on shelves everywhere — and outsized ownership while you build — we'd love to meet you.

**THE ROLE**
------------

  

Tell brands what to charge, which promotions to run, and where. Back it with data almost no one else has.


Confido sees what's actually happening in the physical world of CPG: shipments, depletions, inventory, consumption, what's on the shelf, merchandising, deductions, the demographics of who lives near each store, and forward\-looking promo plans. That means rich actuals *and* a real view of the future, across hundreds of brands. Most of this data isn't publicly available anywhere.


As Head of Prediction \& Optimization, you'll build and lead Confido's data science function, starting with our newest product area: Revenue Growth Management (RGM). You'll own the models that turn a detailed picture of the business into decisions brands actually act on, and you'll grow the team to 3\+ data scientists.


Location: New York, NY (Relocation supported)

**WHAT YOU'LL DO**
------------------

* Lead pricing and trade optimization for RGM, including price elasticity, promo lift, cannibalization, and halo effects, so you can answer ""how much should I charge for this?""
* Build promotion recommendations that get specific. Should a promo run 4 weeks or 8? Should it be a deeper discount, a BOGO, or buy\-3\-get\-1? Which regions, retailers, and accounts should get it?
* Turn predictions into prescriptions by building optimization that works under real constraints like trade budgets, margin targets, and retailer calendars
* Measure what actually worked, using post\-event analysis, causal inference, and baselines that brands trust enough to change their plans
* Partner with our AI/ML engineers to take models to production, and set the bar for backtesting, evaluation, and monitoring
* Build the team: hire and mentor data scientists, and set the roadmap and technical direction alongside our CTO and AI research lead

**WHAT WE'RE LOOKING FOR**
--------------------------


Required

* 7\+ years of applied data science or predictive modeling, including experience leading projects or people
* Deep expertise in statistical modeling and ML for pricing, demand, or forecasting, such as elasticity, causal inference, or uplift modeling
* Experience building optimization or decision\-support models, beyond predictions alone
* Strong Python and SQL, plus rigor about validation: you know how to avoid leakage and when to distrust a good\-looking result
* The ability to turn a model into a clear recommendation a non\-technical business user will act on


Nice to have

* RGM, trade promotion, pricing, or revenue management experience in CPG, retail, or marketplaces
* Experience with syndicated or retailer data (Nielsen, SPINS, Circana, retailer POS)
* Taking models to production yourself. We're indexed on modeling, but end\-to\-end is a plus
* Operations research or mathematical optimization (MIP, solvers)
* Startup or 0\-to\-1 team\-building experience

**Perks \+ Benefits**
---------------------

* **Equity** — own a meaningful piece of the company you’re helping build
* **Fully paid health coverage through Aetna** — we cover 100% of employee premiums
* **Top\-tier dental and vision coverage through Guardian**
* **Carrot Fertility Pro** — comprehensive fertility and family\-forming support
* **12 weeks of paid parental leave**
* **Unlimited PTO** — plus regular 4\-day holiday weekends we actually take
* **401(k) through Vestwell**
* **Paid relocation support** — we’ll help you make the move to NYC
* **Fully equipped workspace from day one** — laptop, monitor, keyboard, and a $200 stipend to personalize your setup
* **Team perks** — catered Friday lunches, team dinners, and unlimited coffee \+ snacks featuring products from the brands we work with

*Confido provides equal employment opportunities to all employees and applicants for employment and prohibits discrimination and harassment of any type without regard to race, color, religion, age, sex, national origin, disability status, genetics, protected veteran status, sexual orientation, gender identity or expression, or any other characteristic protected by federal, state or local laws.*


Compensation Range: $250K \- $350K",,https://www.indeed.com/cmp/Confido,,,,,,,,,,,,,indeed
in-e0efd307aaf2710f,indeed,https://www.indeed.com/viewjob?jk=e0efd307aaf2710f,https://egup.fa.us2.oraclecloud.com/hcmUI/CandidateExperience/en/sites/CX_1/requisitions/preview/20279305,Software Engineering Test Intern (Summer 2027),Vertiv,"Delaware, OH, US",2026-09-27,internship,,,,,,False,,,,,"**Position Summary**We are seeking a dedicated and proactive individual to join our Core Engineering team as a Software Engineer in Test Intern. This internship offers an excellent opportunity to gain hands\-on experience building automated test infrastructure for intelligent monitoring and power management products. The ideal candidate is passionate about software development applied to quality engineering, enjoys writing code that validates firmware behavior, and is eager to apply Generative AI tools to test automation workflows.


**Responsibilities*** Develop and maintain automated test cases in Python that validate firmware functionality across network management protocols (Redfish, SNMP, Modbus, BACnet).
* Build and extend API\-level test automation targeting Redfish/REST interfaces on embedded power and monitoring hardware.
* Integrate automated tests into CI/CD pipelines (GitLab CI) to support continuous validation of firmware builds.
* Create and configure virtualized test environments for repeatable automated test execution.
* Develop test utilities, data parsers, and reporting scripts that support the broader test engineering team.
* Use Generative AI coding tools to accelerate test development and code review workflows.
* Learn and use Agile Development practices for test planning and execution.
* Stay current with trends in test automation and software engineering in test, continuously seeking opportunities to enhance your skills and apply new techniques.

**Qualifications*** Must be pursuing a degree in Computer Science, Computer Engineering, Software Engineering, or a related field.
* Coursework or project experience in Python or another scripting language.
* Excellent written and verbal communication skills.
* Demonstrated work ethic and detail\-orientation.
* Strong analytical and critical thinking skills.
* Ability and willingness to learn in a fast\-paced environment and produce high\-quality work.
* Collaboration and teamwork.
* Familiarity with version control (Git) is a plus.
* Exposure to REST APIs, CI/CD concepts, or Linux command\-line environments is a plus.

**Physical \& Environmental Demands**None


**Time Travel Required**None


\#LI\-RB1",Telecommunications,https://www.indeed.com/cmp/Vertiv,https://d2q79iu7y748jz.cloudfront.net/s/_squarelogo/256x256/896b64e49fc942320cef1518d73478c8,https://www.vertiv.com,"505 N Cleveland Ave, Westerville, Ohio, United States","10,000+",$1B to $5B (USD),Vertiv is a global leader in critical digital infrastructure. The world depends on data we power and cool™,,,,,,,indeed
in-369f4c436c6051c7,indeed,https://www.indeed.com/viewjob?jk=369f4c436c6051c7,https://corporate.target.com/job/id/R0000475165,"Lead Data Scientist - Recommendations (applied ML, Reinforcement Learning, Contextual Bandit Design)(Remote Or Hybrid)",Target,"Minneapolis, MN, US",2026-09-25,fulltime,direct_data,yearly,132000.0,238000.0,USD,True,,,,candidate.accommodations@HRHelp.Target.com,"The pay range is $132,000\.00 \- $238,000\.00
Pay is based on several factors which vary based on position. These include labor markets and in some instances may include education, work experience and certifications. In addition to your pay, Target cares about and invests in you as a team member, so that you can take care of yourself and your family. Target offers eligible team members and their dependents comprehensive health benefits and programs, which may include medical, vision, dental, life insurance and more, to help you and your family take care of your whole selves. Other benefits for eligible team members include 401(k), employee discount, short term disability, long term disability, paid sick leave, paid national holidays, and paid vacation. Find competitive benefits from financial and education to well\-being and beyond at https://corporate.target.com/careers/benefits.

**JOIN TARGET AS A LEAD DATA SCIENTIST – RECOMMENDATIONS (RecSys)**

 **About Us:**


Working at Target means helping all families discover the joy of everyday life. We bring that vision to life through our values and culture. Learn more about Target here.

  

A role with Target Data Sciences means the chance to help develop and manage state of the art predictive algorithms that use data at scale to automate and optimize decisions at scale. Every scientist on Target’s Data Sciences team can expect to do modeling and data science, develop software with highly performant code, elevate Target’s culture, and apply retail domain knowledge.

  

As a Lead Data Scientist \- Recommendations, you will provide technical leadership for the machine learning systems that power Target's digital recommendations and personalization experiences. Working closely with data scientists, engineers, product managers, and business stakeholders, you will identify opportunities to improve guest experiences through recommendation, retrieval, ranking, and personalization solutions at a massive scale.

  

You will lead the design, development, evaluation, and deployment of machine learning models that influence how millions of guests discover products across Target's digital experiences. Leveraging expertise in machine learning, deep learning, experimentation, and optimization, you will translate ambiguous business challenges into scalable algorithmic solutions that drive measurable guest and business impact. You will be responsible for driving projects from initial problem definition through production deployment and measurement, balancing innovation with operational excellence and long\-term maintainability. You will help shape the technical direction of Target's recommendation capabilities, establishing best practices for model development, evaluation, and measurement while influencing decisions across product, engineering, and data science teams.

  

Beyond delivering solutions, you will mentor and develop other scientists, help raise the technical bar across the organization, and contribute to the growth of Target's data science community through collaboration, thought leadership, and the adoption of emerging machine learning techniques and technologies.

  

Core responsibilities of this job are described within this job description. Job duties may change at any time due to business needs.

 **About you:**

  

* PhD or MS in Computer Science, Machine Learning, Statistics, Applied Mathematics, Operations Research, or a related quantitative field with 2\+ years of industry experience
* 5\+ years of experience developing machine learning solutions scaling recommendation, personalization, ranking, retrieval, or search machine learning systems
* Experience with reinforcement learning and/or contextual bandit design, implementation, and evaluation
* Experience leading the development, evaluation, and deployment of machine learning solutions and partnering with engineering teams to deliver scalable production systems
* Strong programming skills in Python and SQL; experience with deep learning frameworks such as PyTorch or JAX
* Experience working with large\-scale data processing and analytics platforms such as Spark or equivalent
* Deep understanding of machine learning, deep learning, optimization, statistics, probability, and experimental design
* Experience designing, analyzing, and interpreting online experiments and using results to inform product and business decisions
* Demonstrated ability to translate ambiguous business challenges into scalable machine learning solutions
* Demonstrated ability to influence technical direction and drive alignment across product, engineering, and business stakeholders
* Experience leveraging modern AI and generative AI tools to accelerate development, experimentation, and model delivery
* Excellent communication skills with the ability to clearly communicate complex technical concepts to both technical and non\-technical audiences
* Strong software engineering fundamentals, including testing, code reviews, documentation, and maintainable system design


This position may be considered for a Remote or Hybrid (known internally at Target as ""Flex for Your Day"") work arrangement based on Target's needs. A Remote work arrangement means the team member works full\-time from home or an alternate location that's not a Target location, does not have a desk at a Target location and may travel to HQ up to 4 times a year. A Hybrid/Flex for Your Day work arrangement means the team member's core role may be performed either remote or onsite at a Target location depending upon what your role, team and tasks require for that day. Work duties cannot be performed outside of the country of the primary work location, unless otherwise prescribed by Target.**Benefits Eligibility**


Please paste this url into your preferred browser to learn about benefits eligibility for this role: https://tgt.biz/BenefitsForYou\_E**Americans with Disabilities Act (ADA)**


In compliance with state and federal laws, Target will make reasonable accommodations for applicants with disabilities. If a reasonable accommodation is needed to participate in the job application or interview process, please reach out to candidate.accommodations@HRHelp.Target.com. Non\-accommodation\-related requests, such as application follow\-ups or technical issues, will not be addressed through this channel.


Application deadline is : 10/29/2026",,https://www.indeed.com/cmp/Target,https://d2q79iu7y748jz.cloudfront.net/s/_squarelogo/256x256/91eef14f4e4990f23139c258d955b0da,http://corporate.target.com,"Minneapolis, MN","10,000+",more than $10B (USD),"As a Fortune 50 company with more than 400,000 team members worldwide, Target is an iconic brand and one of America's leading retailers. ",,,,,,,indeed
in-902d6c829024ec1e,indeed,https://www.indeed.com/viewjob?jk=902d6c829024ec1e,https://corporate.target.com/job/id/R0000446172,"Principal Engineer - Application Security (AI security, Pen Testing, DevSecOps)",Target,"Brooklyn Park, MN, US",2026-09-25,fulltime,direct_data,yearly,168000.0,303000.0,USD,False,,,,candidate.accommodations@HRHelp.Target.com,"The pay range is $168,000\.00 \- $303,000\.00
Pay is based on several factors which vary based on position. These include labor markets and in some instances may include education, work experience and certifications. In addition to your pay, Target cares about and invests in you as a team member, so that you can take care of yourself and your family. Target offers eligible team members and their dependents comprehensive health benefits and programs, which may include medical, vision, dental, life insurance and more, to help you and your family take care of your whole selves. Other benefits for eligible team members include 401(k), employee discount, short term disability, long term disability, paid sick leave, paid national holidays, and paid vacation. Find competitive benefits from financial and education to well\-being and beyond at https://corporate.target.com/careers/benefits.

**JOIN TARGET AS A PRINCIPAL ENGINEER \- APPLICATION SECURITY**

**About us:**


Working at Target means helping all families discover the joy of everyday life. We bring that vision to life through our values and culture. Learn more about Target here.

 **About the Role:**


We are seeking a Principal Application Security Engineer to provide technical leadership for our enterprise Application Security program. This role is responsible for advancing secure development practices, integrating security into the software development lifecycle, and partnering with engineering teams to reduce application risk through scalable security solutions.  

  

The ideal candidate combines deep technical expertise with strategic thinking, enables developers, scales security through automation, and influences engineering organizations without direct authority.

**Application Security Expertise**
----------------------------------

* Provide technical leadership across Secure Software Development Lifecycle (SSDLC), Static Application Security Testing (SAST), Dynamic Application Security Testing (DAST), Software Composition Analysis (SCA), Threat Modeling, and Penetration Testing.
* Guide engineering teams in vulnerability remediation and secure coding best practices.
* Evaluate emerging application security technologies, emerging risks, and recommend pragmatic, risk\-based improvements to application security capabilities.
* Partner with Security Architecture to ensure application security practices align with enterprise security standards and design principles.

**Software Engineering and Automation**
---------------------------------------

* Design and build automation that integrates security seamlessly into CI/CD pipelines.
* Develop tooling, APIs, and automation to improve developer experience and reduce manual effort.
* Partner with platform engineering teams to implement security controls within modern development workflows.
* Identify and implement opportunities to leverage AI and generative AI technologies to improve application security processes, automate repetitive tasks, enhance developer enablement, and accelerate vulnerability detection and remediation while ensuring responsible and secure use of AI.

**Security Strategy and Program Leadership**
--------------------------------------------

* Help define the technical roadmap for the Application Security program.
* Develop strategies that scale security across a large engineering organization through automation, standardization, and self\-service capabilities.
* Champion developer enablement by creating security guidance, reusable frameworks, documentation, and training.
* Establish and track metrics that measure program effectiveness and continuously improve security maturity.

**Cross\-Functional Collaboration**
-----------------------------------

* Influence technical decisions through collaboration and technical leadership rather than organizational authority.
* Communicate security risks and recommendations effectively to technical and non\-technical audiences.
* Mentor engineers and promote security best practices across the organization.

**Problem Solving and Technical Leadership**
--------------------------------------------

* Solve complex application security challenges involving modern software architectures and cloud\-native platforms.
* Drive continuous improvement across security tooling, developer workflows, and vulnerability management processes.
* Provide technical leadership during the investigation and remediation of significant application security issues.


Core responsibilities of this job are described within this job description.


Job duties may change at any time due to business needs.

**About You:**
--------------

* BS/MS in Computer Science, Information Security, Engineering or equivalent industry work experience
* 10\+ years of experience in software engineering, application security or related security engineering roles
* Demonstrated expertise across SSDLC, SAST, DAST, SCA, Threat Modeling, and Penetration Testing
* Strong software development experience in one or more modern programming languages
* Experience integrating security into modern CI/CD pipelines and DevSecOps workflows
* Proven experience building and scaling Application Security programs across large engineering organizations
* Experience leveraging AI and Generative AI technologies to improve engineering productivity, security operations, or software development workflows
* Demonstrated ability to evaluate, implement, and govern AI\-enabled solutions while considering security, privacy, and organizational risk
* Excellent communication, collaboration, and stakeholder management skills
* Demonstrated ability to influence technical direction across multiple teams
* Experience securing cloud\-native applications in AWS, Azure or Google Cloud
* Experience with Kubernetes, containers, APIs, and microservices architectures
* Experience developing custom security tooling or automation
* Knowledge of modern software supply chain security practices
* Industry certifications such as CISSP, CSSLP, GIAC, OSCP, or cloud security certifications a plus


This position will operate as a Hybrid/Flex for Your Day work arrangement based on Target’s needs. A Hybrid/Flex for Your Day work arrangement means the team member’s core role will need to be performed both onsite at the Target HQ MN location the role is assigned to and virtually, depending upon what your role, team and tasks require for that day. Work duties cannot be performed outside of the country of the primary work location, unless otherwise prescribed by Target. Click here if you are curious to learn more about Minnesota.

**Benefits Eligibility**


Please paste this url into your preferred browser to learn about benefits eligibility for this role: https://tgt.biz/BenefitsForYou\_F**Americans with Disabilities Act (ADA)**


In compliance with state and federal laws, Target will make reasonable accommodations for applicants with disabilities. If a reasonable accommodation is needed to participate in the job application or interview process, please reach out to candidate.accommodations@HRHelp.Target.com. Non\-accommodation\-related requests, such as application follow\-ups or technical issues, will not be addressed through this channel.


Application deadline is : 10/29/2026",,https://www.indeed.com/cmp/Target,https://d2q79iu7y748jz.cloudfront.net/s/_squarelogo/256x256/91eef14f4e4990f23139c258d955b0da,http://corporate.target.com,"Minneapolis, MN","10,000+",more than $10B (USD),"As a Fortune 50 company with more than 400,000 team members worldwide, Target is an iconic brand and one of America's leading retailers. ",,,,,,,indeed
in-1ade6d16a16bb2ca,indeed,https://www.indeed.com/viewjob?jk=1ade6d16a16bb2ca,https://www.amazon.jobs/jobs/10561032/data-engineer-partner-experience?cmpid=DA_INAD200785B,"Data Engineer, Partner Experience",Amazon.com,"Seattle, WA, US",2026-09-24,fulltime,direct_data,yearly,132100.0,178800.0,USD,False,,,,,"**DESCRIPTION**
---------------


Prime Video is a first\-stop entertainment destination offering customers a vast collection of premium programming in one app available across thousands of devices. Prime members can customize their viewing experience and find their favorite movies, series, documentaries, and live sports – including Amazon MGM Studios\-produced series and movies; licensed fan favorites; and programming from Prime Video add\-on subscriptions such as Apple TV\+, Max, Crunchyroll and MGM\+. All customers, regardless of whether they have Prime membership or not, can rent or buy titles via the Prime Video Store, and can enjoy even more content for free with ads.  

  

Are you interested in shaping the future of entertainment? Do you want to invent, disrupt and redefine what entertainment means for fans, creators, and communities all around the globe?  

  

As part of the Prime Video team, you’ll get to work on projects that are fast\-paced, challenging, and varied. Also, you’ll get to experiment with new possibilities, take risks, and collaborate with remarkable people.  

  

We’ll look for you to bring your diverse perspectives, ideas, and skill sets to make Prime Video even better for our customers. With global opportunities for talented creatives, technologists, marketing professionals and so much more, you can decide where a career with Prime Video takes you!  

  

Prime Video's Partner and Content Foundations (PCF) product and data organization obsesses over partners by delivering world\-class tools that enable them to launch, grow, and scale their businesses across Prime Video's business lines.  

  

PCF Data fulfills the data and analytics needs for the PCF organization by building scalable data infrastructure, automated pipelines, and trusted metrics that power supply chain analytics, catalog analytics, and content delivery measurement.
  

  

The team owns core Catalog and Quality datasets, tracking content availability, on\-time delivery, offer quality, and supply chain efficiency across Prime Video's global operations. By producing quality data, providing actionable insights, and enabling self\-service analytics, PCF Data drives data\-driven decision\-making across Product, Tech, and Operations, consistent with the goal of Getting, Keeping, and Delighting Prime Video Viewers.  

  

Key job responsibilities  

We are seeking a talented Data Engineer to enhance PCF Data's core data infrastructure by implementing AWS services to build data pipelines, improve data accuracy, reduce latency, increase service stability, and ensure compliance with Amazon\-wide data regulations. The Data Engineer will partner with Senior Data Engineers and SDE teams to design and maintain our Redshift\-based data warehouse environment, building scalable architectures and migrating critical pipelines to serverless compute platforms. You will also contribute to AI enablement efforts, building the data foundations that power self\-service analytics and AI\-driven insight generation for our product teams.  

  

As a Data Engineer on the team, you will work with very large datasets in one of the world's largest and most complex data lake and data warehouse environments. You will design, build, and maintain robust data infrastructure to process large volumes of data from various sources.  

  

* Writing clean, maintainable code that adheres to best practices
* Leveraging AWS data processing services
* Possessing broad knowledge of different data types and when to use them
* Understanding data security and compliance standards to ensure alignment with company policies and regulations
* Using GenAI to improve efficiency and accelerate delivery

  

A day in the life  

Write the design document to propose the solutions to resolve challenging data processing and data handling.  

  

Meet with peers to discuss proposed solutions.  

Review design documents with product managers, senior management, and Senior SDEs to communicate your approach and gather feedback.  

  

Build data infrastructure and pipelines using AWS services.  

  

About the team  

We are a centralized data team supporting the Partner and Content Foundations. We process big data using advanced AWS services. We work closely with PMs, TPMs, SDEs, and Applied Scientists, and collaborate with other data teams outside of the Partner and Content Foundations organization to deliver products for Prime Video partners.**BASIC QUALIFICATIONS**
------------------------

* 3\+ years of data engineering experience
* Experience with data modeling, warehousing and building ETL pipelines
* Experience with SQL
* Experience in Python, Perl, or another scripting language

**PREFERRED QUALIFICATIONS**
----------------------------

* Experience with AWS technologies like Redshift, S3, AWS Glue, EMR, Kinesis, FireHose, Lambda, and IAM roles and permissions

  

Amazon is an equal opportunity employer and does not discriminate on the basis of protected veteran status, disability, or other legally protected status.  

  

Our inclusive culture empowers Amazonians to deliver the best results for our customers. If you have a disability and need a workplace accommodation or adjustment during the application and hiring process, including support for the interview or onboarding process, please visit https://amazon.jobs/content/en/how\-we\-hire/accommodations for more information. If the country/region you’re applying in isn’t listed, please contact your Recruiting Partner.  

The base salary range for this position is listed below. Your Amazon package will include sign\-on payments and restricted stock units (RSUs). Final compensation will be determined based on factors including experience, qualifications, and location. Amazon also offers comprehensive benefits including health insurance (medical, dental, vision, prescription, Basic Life \& AD\&D insurance and option for Supplemental life plans, EAP, Mental Health Support, Medical Advice Line, Flexible Spending Accounts, Adoption and Surrogacy Reimbursement coverage), 401(k) matching, paid time off, and parental leave. Learn more about our benefits at https://amazon.jobs/en/benefits.

  

USA, WA, SEATTLE \- 132,100\.00 \- 178,800\.00 USD annually",Internet And Software,https://www.indeed.com/cmp/Amazon.com,https://d2q79iu7y748jz.cloudfront.net/s/_squarelogo/256x256/3e9d43f5c277de169808abdcaf49ba2c,https://www.amazon.jobs,"440 Terry Ave N, Seattle, WA, United States, Washington","10,000+",more than $10B (USD),Our mission is to be Earth's most customer-centric company.,,,,,,,indeed
in-f8385d0cbea264ab,indeed,https://www.indeed.com/viewjob?jk=f8385d0cbea264ab,https://dhanutek.oorwin.ai/#/careers/index.html/job/details/9ae17b153a32567d1646caa8c4010174c30ac349?source=indeed&postedby=4,Data Engineer with ETL/ELT pipelines and API integrations,"DHANU GLOBAL ENTERPRISES, INC.","Indianapolis, IN, US",2026-09-23,,direct_data,monthly,60.0,70.0,USD,False,,,,,"Position Title: Data Engineer with ETL/ELT pipelines and API integrations Location: Indianapolis,IN (onsite 5 days per week) Duration: Through December 2026, possible extension into 2027 Job Description Pharmaceutical//'s client is building a governed data and AI platform, integrating device, laboratory, partner, and document data into a unified foundation that supportsregulatoryreporting, advanced analytics, and AI\-driven scientificinsights.The Data Engineer is a hands\-on builder responsible for developing data pipelines, API integrations, and AI infrastructure that bring structured and unstructured data into a governedAzure\-basedarchitecture. This delivery\-focused rolerequires designing, coding, testing, and maintaining production\-ready solutions across both AI document ingestion and structured ETL/ELT data engineering tracks. This role integrates structured and unstructureddata fromlaboratory systems, product lifecycleapplications, and manufacturing partners into a governed Azure\-based data platform, creating a scalable, audit\-ready digital thread that supports analytics, AI, and regulatory compliance. **Key Responsibilities:**
* Design, build, and maintain production ETL/ELT pipelines integrating laboratory and operational systems (e.g., Darwin, Teamcenter/PLM, LabVantage LIMS, Jama, TurboAC, and Qdocs/Veeva) into Microsoft AzureFabric Lakehouse and PostgreSQL.
* Develop and optimize Bronze, Silver, and Gold medallion architecture, including schema mapping, data modeling, referential integrity, and performance optimization.
* Build scalable API integrations and cross\-cloud data pipelines across Azure and AWS to support enterprise data integration.
* Implement automated data quality controls, controlled vocabulary normalization, schema validation, Q\-gate/specification checks, data lineage, and audit trails to ensure GxP compliance.
* Monitor, troubleshoot, and optimize pipeline performance, reliability, error handling, and operational monitoring in production environments.
* Collaborate with business, engineering, and IT teams to integrate data sources and establish a governed, scalable digital thread supporting analytics, AI, and regulatory reporting.

Required Skills:
* 8\+ years of hands\-on Data Engineering experience building production ETL/ELT pipelines and API integrations.
* Expert\-level Python and/or PySpark for data ingestion, transformation, orchestration, testing, and CI/CD.
* Experience with Microsoft Azure Fabric (Lakehouse, Data Factory, Fabric Pipelines, Delta Lake) delivering end\-to\-end production solutions.
* Hands\-on AWS experience, including S3, Glue (or equivalent), and RDS/Aurora.
* Strong SQL and PostgreSQL experience, including normalized schema design, query optimization, indexing, and performance tuning.
* Experience with data modeling, medallion architecture, and Lakehouse design patterns.
* Experience implementing data lineage, quality controls, schema validation, error handling, and monitoring in regulated environments.
* Knowledge of GxP, GMP, GCP within pharmaceutical, biotechnology, or medical device environments
* SCM, WMS, PLM, MM, QA, any validated applications with in a FDA Regulated systems",,"https://www.indeed.com/cmp/Dhanu-Global-Enterprises,-Inc.",,,,,,,,,,,,,indeed
in-5fd1eb1bede99397,indeed,https://www.indeed.com/viewjob?jk=5fd1eb1bede99397,https://www.amazon.jobs/jobs/10561033/business-intelligence-engineer-prime-video-partner-experience--supply-chain?cmpid=DA_INAD200785B,"Business Intelligence Engineer, Prime Video Partner Experience & Supply Chain",Amazon.com,"Culver City, CA, US",2026-09-23,fulltime,direct_data,yearly,99500.0,160000.0,USD,False,,,,,"**DESCRIPTION**
---------------


Prime Video is a first\-stop entertainment destination offering customers a vast collection of premium programming in one app available across thousands of devices. Prime members can customize their viewing experience and find their favorite movies, series, documentaries, and live sports – including Amazon MGM Studios\-produced series and movies; licensed fan favorites; and programming from Prime Video add\-on subscriptions such as Apple TV\+, Max, Crunchyroll and MGM\+. All customers, regardless of whether they have a Prime membership or not, can rent or buy titles via the Prime Video Store, and can enjoy even more content for free with ads.  

  

Are you interested in shaping the future of entertainment? Prime Video's technology teams are creating best\-in\-class digital video experience.  

  

As a Prime Video technologist, you’ll have end\-to\-end ownership of the product, user experience, design, and technology required to deliver state\-of\-the\-art experiences for our customers. You’ll get to work on projects that are fast\-paced, challenging, and varied. You’ll also be able to experiment with new possibilities, take risks, and collaborate with remarkable people.  

  

We’ll look for you to bring your diverse perspectives, ideas, and skill\-sets to make Prime Video even better for our customers. With global opportunities for talented technologists, you can decide where a career Prime Video Tech takes you!  

  

What You'll Do  

  

Join Prime Video's Partner Experience \& Supply Chain team as a Business Intelligence Engineer and become the data expert who transforms how we work with our content partners and optimize our supply chain.  

You'll be the go\-to person for turning complex supply chain data into clear insights that drive real decisions. Working alongside product managers, engineers, and operations teams, you'll build the analytics tools and dashboards that help everyone understand what's working, what's not, and where we should focus next.  

  

The Problems You'll Solve  

  

Our supply chain generates massive amounts of data, but data alone doesn't drive change \- insights do. You'll tackle questions like: Where are the bottlenecks slowing down content delivery? Which partner workflows need improvement? How can we predict and prevent supply chain issues before they impact customers?  

You'll create the visibility tools that turn these questions into actionable answers, helping teams spot trends early and make confident, data\-backed decisions.  

  

What Makes This Role Different  

  

You won't just be running reports \- you'll be a strategic partner shaping how Prime Video manages relationships with content partners and optimizes the entire supply chain. Your work will directly influence how quickly and efficiently we bring content to millions of viewers worldwide.  

  

You'll have the autonomy to identify opportunities, propose solutions, and build the tools that matter most. If you love diving deep into data, translating complexity into clarity, and seeing your insights drive tangible improvements, this role offers that impact.  

  

Key job responsibilities  

* Analyze data to identify and execute on business opportunities
* Understand data resources and select appropriate sources for each analysis
* Build fast prototypes using Amazon AI tools (Kiro, Claude CLI, QuickSuite) and translate them into production\-grade data products
* Evaluate requirements and select optimal tools, balancing speed, efficiency, and scalability
* Build data pipelines and dashboards from multi\-dimensional datasets to report product metrics and KPIs
* Present insights and recommendations to stakeholders verbally and in writing

  

About the team  

We are part of the central Product and Data Team within the Partner Experience \& Supply Chain organization at Prime Video. Our structure and scope is a hybrid model where we collaborate closely with our tech teams to build data products that solve problems affecting PV customers and our internal stakeholders.
  

  

We optimize the supply chain and deliver the highest standard of video streaming content to our customers. Our team is the trusted analytical powerhouse that drives unified data solutions, making Prime Video the preferred entertainment destination for customers worldwide.**BASIC QUALIFICATIONS**
------------------------

* Bachelor's degree in BI, finance, engineering, statistics, computer science, mathematics, finance or equivalent quantitative field
* 4\+ years of analyzing and interpreting data with Redshift, Oracle, NoSQL etc. experience
* Experience with data visualization using Tableau, Quicksight, or similar tools
* Experience with data modeling, warehousing and building ETL pipelines
* Experience using SQL to pull data from a database or data warehouse and scripting experience (Python) to process data for modeling
* Experience developing and presenting recommendations of new metrics allowing better understanding of the performance of the business

**PREFERRED QUALIFICATIONS**
----------------------------

* Experience with AWS solutions such as EC2, DynamoDB, S3, and Redshift
* Experience in data mining, ETL, etc. and using databases in a business environment with large\-scale, complex datasets
* Proven ability to determine when and how to integrate GenAI tools, evaluate and refine GenAI outputs, and apply responsible AI practices to augment productivity and quality

  

Amazon is an equal opportunity employer and does not discriminate on the basis of protected veteran status, disability, or other legally protected status.  

  

Los Angeles County applicants: Job duties for this position include: work safely and cooperatively with other employees, supervisors, and staff; adhere to standards of excellence despite stressful conditions; communicate effectively and respectfully with employees, supervisors, and staff to ensure exceptional customer service; and follow all federal, state, and local laws and Company policies. Criminal history may have a direct, adverse, and negative relationship with some of the material job duties of this position. These include the duties and responsibilities listed above, as well as the abilities to adhere to company policies, exercise sound judgment, effectively manage stress and work safely and respectfully with others, exhibit trustworthiness and professionalism, and safeguard business operations and the Company’s reputation. Pursuant to the Los Angeles County Fair Chance Ordinance, we will consider for employment qualified applicants with arrest and conviction records.  

  

Our inclusive culture empowers Amazonians to deliver the best results for our customers. If you have a disability and need a workplace accommodation or adjustment during the application and hiring process, including support for the interview or onboarding process, please visit https://amazon.jobs/content/en/how\-we\-hire/accommodations for more information. If the country/region you’re applying in isn’t listed, please contact your Recruiting Partner.  

The base salary range for this position is listed below. Your Amazon package will include sign\-on payments and restricted stock units (RSUs). Final compensation will be determined based on factors including experience, qualifications, and location. Amazon also offers comprehensive benefits including health insurance (medical, dental, vision, prescription, Basic Life \& AD\&D insurance and option for Supplemental life plans, EAP, Mental Health Support, Medical Advice Line, Flexible Spending Accounts, Adoption and Surrogacy Reimbursement coverage), 401(k) matching, paid time off, and parental leave. Learn more about our benefits at https://amazon.jobs/en/benefits.

  

USA, CA, Culver City \- 99,500\.00 \- 160,000\.00 USD annually  

USA, WA, SEATTLE \- 99,500\.00 \- 160,000\.00 USD annually",Internet And Software,https://www.indeed.com/cmp/Amazon.com,https://d2q79iu7y748jz.cloudfront.net/s/_squarelogo/256x256/3e9d43f5c277de169808abdcaf49ba2c,https://www.amazon.jobs,"440 Terry Ave N, Seattle, WA, United States, Washington","10,000+",more than $10B (USD),Our mission is to be Earth's most customer-centric company.,,,,,,,indeed
in-01075a43c7b77a0c,indeed,https://www.indeed.com/viewjob?jk=01075a43c7b77a0c,https://www.amazon.jobs/jobs/10561031/business-intelligence-engineer-amazon-prime-video-product-analytics?cmpid=DA_INAD200785B,"Business Intelligence Engineer, Amazon Prime Video Product Analytics",Amazon.com,"Seattle, WA, US",2026-09-22,fulltime,direct_data,yearly,99500.0,160000.0,USD,False,,,,,"**DESCRIPTION**
---------------


Prime Video is changing the way customers watch movies, TV shows, live events, and channels—offering unparalleled choice and convenience across devices such as Fire TV, mobile phones, game consoles, and connected TVs. We deliver world\-class viewing experiences to customers in over 240 countries and territories.  

  

The Prime Video Product Analytics (PVPA) team is a centralized analytics organization supporting the Prime Video Product organization. We bring together Business Intelligence Engineers, Data Engineers, and Data Scientists to deliver comprehensive data tools and insights that drive product decisions and enhance customer experience. Our work spans the full analytics lifecycle—from data infrastructure and pipeline development to advanced analytics, customer insights modeling, AI\-driven solutions, and self\-service reporting.  

  

This role sits within the PVPA team focused on out\-of\-app engagement and full\-funnel customer journey analytics. Our mission is to understand and optimize how customers discover, engage with, and return to Prime Video—connecting off\-app marketing touchpoints (such as email, push, a.com, WhatsApp, search engines, and paid media) with in\-app behavior and engagement to build a complete, end\-to\-end view of the customer experience. We harness data across this full funnel—from acquisition and onboarding through long\-term retention—to inform personalization, measure customer engagement and channel effectiveness, and deliver the right content to the right customer at the right time.  

  

Key job responsibilities  

We are looking for a highly motivated and experienced Business Intelligence Engineer (BIE) II to join the PVPA team. In this role, you will play a key part in driving customer understanding through data.
  

  

You will design and build scalable analytics solutions, self\-service reporting tools, and experimentation frameworks, increasingly powered by AI and automation, that give stakeholders across product, marketing, and science a deep, reliable understanding of customer behavior. Your work will directly inform how Prime Video acquires, engages, and retains customers by connecting out\-of\-app signals to in\-app outcomes and enabling faster, more confident decision\-making across the organization.  

  

In this role, you will:
  

* Design and maintain scalable data models, pipelines, and reporting tools that enable accurate and timely marketing performance measurement across multiple customer engagement channels (e.g., email, push, X\-site, WhatsApp, paid media).
* Lead the design, execution, and analysis of A/B tests to evaluate marketing strategies, targeting logic, and content variations—ensuring statistical rigor and actionable insights.
* Deliver deep customer insights by analyzing behavioral data and engagement patterns, helping stakeholder and partner teams better understand customer needs, preferences, and responses to messaging.
* Develop dashboards and self\-service tools to enable marketers, product managers, and other stakeholders to explore data, monitor performance, and make informed decisions.
* Collaborate closely with cross\-functional teams—including Data Scientists, Engineers, Product Managers, and Marketing Managers—to define metrics, surface insights, and influence strategy through data.
* Communicate findings clearly to both technical and non\-technical stakeholders, using data storytelling to highlight opportunities, surface risks, and drive alignment on next steps.
* Champion data accuracy, consistency, and experimentation best practices to raise the overall bar for measurement and insight generation in Prime Video marketing.
**BASIC QUALIFICATIONS**
------------------------

* 3\+ years of analyzing and interpreting data with Redshift, Oracle, NoSQL etc. experience
* 1\+ years of SQL, ETL or Oracle experience
* 1\+ years of processing large, multi\-dimensional datasets from multiple sources experience
* 1\+ years of performing statistical analysis experience
* 1\+ years of developing automated reporting experience
* 3\+ years of in the job offered or a related occupation experience
* 1\+ years of using SQL, ETL (Extract, Transform, Load), or Oracle experience
* Bachelor's degree or foreign equivalent in Computer Science, Engineering, Mathematics, Statistics, Economics, or a related field
* Experience with data visualization using Tableau, Quicksight, or similar tools
* Experience with data modeling, warehousing and building ETL pipelines
* Experience in Statistical Analysis packages such as R, SAS and Matlab
* Experience using SQL to pull data from a database or data warehouse and scripting experience (Python) to process data for modeling

**PREFERRED QUALIFICATIONS**
----------------------------

* Experience with AWS solutions such as EC2, DynamoDB, S3, and Redshift
* Experience in data mining, ETL, etc. and using databases in a business environment with large\-scale, complex datasets

  

Amazon is an equal opportunity employer and does not discriminate on the basis of protected veteran status, disability, or other legally protected status.  

  

Our inclusive culture empowers Amazonians to deliver the best results for our customers. If you have a disability and need a workplace accommodation or adjustment during the application and hiring process, including support for the interview or onboarding process, please visit https://amazon.jobs/content/en/how\-we\-hire/accommodations for more information. If the country/region you’re applying in isn’t listed, please contact your Recruiting Partner.  

The base salary range for this position is listed below. Your Amazon package will include sign\-on payments and restricted stock units (RSUs). Final compensation will be determined based on factors including experience, qualifications, and location. Amazon also offers comprehensive benefits including health insurance (medical, dental, vision, prescription, Basic Life \& AD\&D insurance and option for Supplemental life plans, EAP, Mental Health Support, Medical Advice Line, Flexible Spending Accounts, Adoption and Surrogacy Reimbursement coverage), 401(k) matching, paid time off, and parental leave. Learn more about our benefits at https://amazon.jobs/en/benefits.

  

USA, WA, SEATTLE \- 99,500\.00 \- 160,000\.00 USD annually",Internet And Software,https://www.indeed.com/cmp/Amazon.com,https://d2q79iu7y748jz.cloudfront.net/s/_squarelogo/256x256/3e9d43f5c277de169808abdcaf49ba2c,https://www.amazon.jobs,"440 Terry Ave N, Seattle, WA, United States, Washington","10,000+",more than $10B (USD),Our mission is to be Earth's most customer-centric company.,,,,,,,indeed
li-4458583072,linkedin,https://www.linkedin.com/jobs/view/4458583072,,"Staff Machine Learning Engineer, Financial Connections",Stripe,"Seattle, WA",2026-09-26,,,,,,,False,,,,,,,https://www.linkedin.com/company/stripe,,,,,,,,,,,,,linkedin
li-4454809438,linkedin,https://www.linkedin.com/jobs/view/4454809438,,Machine Learning Engineer,Crowe,"Indianapolis, IN",2026-09-26,,,,,,,False,,,,,,,https://www.linkedin.com/company/crowe,,,,,,,,,,,,,linkedin
li-4454302465,linkedin,https://www.linkedin.com/jobs/view/4454302465,,"AI/ML Engineer, Senior",Booz Allen Hamilton,"Dayton, OH",2026-09-25,,,,,,,False,,,,,,,https://www.linkedin.com/company/booz-allen-hamilton,,,,,,,,,,,,,linkedin
li-4472005759,linkedin,https://www.linkedin.com/jobs/view/4472005759,,Machine Learning Engineer,Eve,"San Francisco, CA",2026-09-25,,,,,,,False,,,,,,,https://www.linkedin.com/company/eve-legal,,,,,,,,,,,,,linkedin
li-4463134500,linkedin,https://www.linkedin.com/jobs/view/4463134500,,"Engineer, AI/ML",Carnival Corporation,"Miami, FL",2026-09-25,,,,,,,False,,,,,,,https://www.linkedin.com/company/carnival-corporation,,,,,,,,,,,,,linkedin
li-4471885884,linkedin,https://www.linkedin.com/jobs/view/4471885884,,Senior AI/ML Engineer (REMOTE),Roadpass Digital,"Cincinnati, OH",2026-09-25,,,,,,,True,,,,,,,https://www.linkedin.com/company/roadpassdigital,,,,,,,,,,,,,linkedin
li-4469388024,linkedin,https://www.linkedin.com/jobs/view/4469388024,,Senior Machine Learning Engineer,Adobe,"San Jose, CA",2026-09-24,,,,,,,False,,,,,,,https://www.linkedin.com/company/adobe,,,,,,,,,,,,,linkedin
li-4471169667,linkedin,https://www.linkedin.com/jobs/view/4471169667,,Senior Applied AI Engineer,Roger Healthcare,"San Francisco, CA",2026-09-24,,,,,,,False,,,,,,,https://www.linkedin.com/company/rogerhealthcare,,,,,,,,,,,,,linkedin
li-4462069192,linkedin,https://www.linkedin.com/jobs/view/4462069192,,Senior Engineer - Machine Learning,Berkadia,"New York, NY",2026-09-23,,,,,,,False,,,,,,,https://www.linkedin.com/company/berkadia,,,,,,,,,,,,,linkedin
li-4449971747,linkedin,https://www.linkedin.com/jobs/view/4449971747,,"AI/ML Engineer - Hybrid Onsite In Eden Prairie, MN",Optum,"Eden Prairie, MN",2026-09-23,,,,,,,False,,,,,,,https://www.linkedin.com/company/optum,,,,,,,,,,,,,linkedin
li-4422826143,linkedin,https://www.linkedin.com/jobs/view/4422826143,,AI Engineer,RA Capital Management,"Boston, MA",2026-09-22,,,,,,,False,,,,,,,https://www.linkedin.com/company/ra-capital-management-llc,,,,,,,,,,,,,linkedin
li-4468190167,linkedin,https://www.linkedin.com/jobs/view/4468190167,,"Machine Learning Engineer, Monetization AI/ML",OpenAI,"San Francisco, CA",2026-09-21,,,,,,,False,,,,,,,https://www.linkedin.com/company/openai,,,,,,,,,,,,,linkedin
li-4469565996,linkedin,https://www.linkedin.com/jobs/view/4469565996,,Associate AI Software Engineer/ AI Software Engineer,Northrop Grumman,"Beavercreek, OH",2026-09-20,,,,,,,False,,,,,,,https://www.linkedin.com/company/northrop-grumman-corporation,,,,,,,,,,,,,linkedin
li-4405018926,linkedin,https://www.linkedin.com/jobs/view/4405018926,,Staff Machine Learning Engineer,Omnissa,"Atlanta, GA",2026-09-20,,,,,,,False,,,,,,,https://www.linkedin.com/company/omnissa,,,,,,,,,,,,,linkedin
li-4381547656,linkedin,https://www.linkedin.com/jobs/view/4381547656,,Senior Machine Learning Engineer (LLMs),Albi,"Chicago, IL",2026-09-20,,,,,,,False,,,,,,,https://www.linkedin.com/company/albihq,,,,,,,,,,,,,linkedin
li-4424286897,linkedin,https://www.linkedin.com/jobs/view/4424286897,,AI Engineer,Vorto,"Denver, CO",2026-09-19,,,,,,,False,,,,,,,https://www.linkedin.com/company/vortoai,,,,,,,,,,,,,linkedin
li-4468098165,linkedin,https://www.linkedin.com/jobs/view/4468098165,,#Machine Learning Engineer – Agentic AI,Qualcomm,"San Diego, CA",2026-09-19,,,,,,,False,,,,,,,https://www.linkedin.com/company/qualcomm,,,,,,,,,,,,,linkedin
li-4469261475,linkedin,https://www.linkedin.com/jobs/view/4469261475,,AI/ML Engineer,American Bureau of Shipping (ABS),"Washington, DC",2026-09-18,,,,,,,False,,,,,,,https://www.linkedin.com/company/american-bureau-of-shipping,,,,,,,,,,,,,linkedin
li-4395147415,linkedin,https://www.linkedin.com/jobs/view/4395147415,,Machine Learning Engineer,WisdomAI,"San Mateo, CA",2026-09-18,,,,,,,False,,,,,,,https://www.linkedin.com/company/wisdomai-inc,,,,,,,,,,,,,linkedin
li-4468672502,linkedin,https://www.linkedin.com/jobs/view/4468672502,,Senior Machine Learning Engineer,HP,"Spring, TX",2026-09-17,,,,,,,False,,,,,,,https://www.linkedin.com/company/hp,,,,,,,,,,,,,linkedin
li-4465806338,linkedin,https://www.linkedin.com/jobs/view/4465806338,,Artificial Intelligence Engineer (Multiple Levels),Noblis,"McLean, VA",2026-09-17,,,,,,,False,,,,,,,https://www.linkedin.com/company/noblis,,,,,,,,,,,,,linkedin
li-4468366162,linkedin,https://www.linkedin.com/jobs/view/4468366162,,Principal AI Software Engineer (AHT),Northrop Grumman,"Beavercreek, OH",2026-09-17,,,,,,,False,,,,,,,https://www.linkedin.com/company/northrop-grumman-corporation,,,,,,,,,,,,,linkedin
li-4468249243,linkedin,https://www.linkedin.com/jobs/view/4468249243,,Senior AI/ML Engineer - Remote,Optum,"Eden Prairie, MN",2026-09-16,,,,,,,True,,,,,,,https://www.linkedin.com/company/optum,,,,,,,,,,,,,linkedin
li-4455421950,linkedin,https://www.linkedin.com/jobs/view/4455421950,,Senior Machine Learning Engineer,Entrata,"Lehi, UT",2026-09-14,,,,,,,False,,,,,,,https://www.linkedin.com/company/entratasoftware,,,,,,,,,,,,,linkedin
li-4349250403,linkedin,https://www.linkedin.com/jobs/view/4349250403,,Generative AI & Machine Learning Engineer,Thomson Reuters,"McLean, VA",2026-09-14,,,,,,,False,,,,,,,https://ca.linkedin.com/company/thomson-reuters,,,,,,,,,,,,,linkedin
li-4464823374,linkedin,https://www.linkedin.com/jobs/view/4464823374,,AI Engineer,Univera Healthcare,"Buffalo, NY",2026-09-11,,,,,,,False,,,,,,,https://www.linkedin.com/company/univera-healthcare,,,,,,,,,,,,,linkedin
li-4466071240,linkedin,https://www.linkedin.com/jobs/view/4466071240,,AI Engineer,Excellus BCBS,"DeWitt, NY",2026-09-11,,,,,,,False,,,,,,,https://www.linkedin.com/company/excellusbcbs,,,,,,,,,,,,,linkedin
li-4444171613,linkedin,https://www.linkedin.com/jobs/view/4444171613,,Machine Learning Engineer,Plenful,"San Francisco, CA",2026-09-10,,,,,,,False,,,,,,,https://www.linkedin.com/company/plenful,,,,,,,,,,,,,linkedin
li-4465316764,linkedin,https://www.linkedin.com/jobs/view/4465316764,,Applied AI/ML Engineer,Oddball,"Washington, DC",2026-09-09,,,,,,,False,,,,,,,https://www.linkedin.com/company/oddball.io,,,,,,,,,,,,,linkedin
li-4451552732,linkedin,https://www.linkedin.com/jobs/view/4451552732,,AI Engineer – Center of Excellence,Aderant,"Atlanta, GA",2026-09-08,,,,,,,False,,,,,,,https://www.linkedin.com/company/aderant,,,,,,,,,,,,,linkedin
li-4455551618,linkedin,https://www.linkedin.com/jobs/view/4455551618,,AI/ML Engineer,Booz Allen Hamilton,"Dayton, OH",2026-09-08,,,,,,,False,,,,,,,https://www.linkedin.com/company/booz-allen-hamilton,,,,,,,,,,,,,linkedin
li-4449984411,linkedin,https://www.linkedin.com/jobs/view/4449984411,,Machine Learning Engineer Graduate (E-Commerce Recommendation/Search Alliance) - 2027 Start,TikTok,"Seattle, WA",2026-09-08,,,,,,,False,,,,,,,https://www.linkedin.com/company/tiktok,,,,,,,,,,,,,linkedin
li-4362406858,linkedin,https://www.linkedin.com/jobs/view/4362406858,,"Early Career Machine Learning Engineer, Applied AI",Brain Co.,,2026-09-06,,,,,,,False,,,,,,,https://www.linkedin.com/company/brainco-ai,,,,,,,,,,,,,linkedin
li-4397276661,linkedin,https://www.linkedin.com/jobs/view/4397276661,,Machine Learning Engineer - College Graduate,Qualcomm,"San Diego, CA",2026-09-06,,,,,,,False,,,,,,,https://www.linkedin.com/company/qualcomm,,,,,,,,,,,,,linkedin
